edge_id,src,dst,length_km,speed_limit_kmh,is_two_way
E0,A00_S000,A01_S000,0.0129,55,true
E1,A00_S000,A00_S001,0.3889,35,true
E2,A01_S000,A02_S000,0.013,45,true
E3,A01_S000,A01_S001,0.3889,35,true
E4,A02_S000,A03_S000,0.0129,45,true
E5,A02_S000,A02_S001,0.3889,35,true
E6,A03_S000,A04_S000,0.013,45,true
E7,A03_S000,A03_S001,0.3889,35,true
E8,A04_S000,A05_S000,0.0129,45,true
E9,A04_S000,A04_S001,0.3889,35,true
E10,A05_S000,A06_S000,0.0129,45,true
E11,A05_S000,A05_S001,0.3889,35,true
E12,A06_S000,A07_S000,0.013,45,true
E13,A06_S000,A06_S001,0.3889,35,true
E14,A07_S000,A08_S000,0.0129,45,true
E15,A07_S000,A07_S001,0.3889,35,true
E16,A08_S000,A09_S000,0.013,45,true
E17,A08_S000,A08_S001,0.3889,35,true
E18,A09_S000,A10_S000,0.0129,45,true
E19,A09_S000,A09_S001,0.3889,35,true
E20,A10_S000,A11_S000,0.013,45,true
E21,A10_S000,A10_S001,0.3889,35,true
E22,A11_S000,A12_S000,0.0129,45,true
E23,A11_S000,A11_S001,0.3889,35,true
E24,A12_S000,A13_S000,0.0129,45,true
E25,A12_S000,A12_S001,0.3889,35,true
E26,A13_S000,A14_S000,0.013,45,true
E27,A13_S000,A13_S001,0.3889,35,true
E28,A14_S000,A15_S000,0.0129,45,true
E29,A14_S000,A14_S001,0.3889,35,true
E30,A15_S000,A16_S000,0.013,45,true
E31,A15_S000,A15_S001,0.3889,35,true
E32,A16_S000,A17_S000,0.0129,45,true
E33,A16_S000,A16_S001,0.3889,35,true
E34,A17_S000,A17_S001,0.3889,35,true
E35,A00_S001,A01_S001,0.0344,55,true
E36,A00_S001,A00_S002,0.3889,35,true
E37,A01_S001,A02_S001,0.0344,45,true
E38,A01_S001,A01_S002,0.3889,35,true
E39,A02_S001,A03_S001,0.0343,45,true
E40,A02_S001,A02_S002,0.3889,35,true
E41,A03_S001,A04_S001,0.0344,45,true
E42,A03_S001,A03_S002,0.3889,35,true
E43,A04_S001,A05_S001,0.0344,45,true
E44,A04_S001,A04_S002,0.3889,35,true
E45,A05_S001,A06_S001,0.0343,45,true
E46,A05_S001,A05_S002,0.3889,35,true
E47,A06_S001,A07_S001,0.0344,45,true
E48,A06_S001,A06_S002,0.3889,35,true
E49,A07_S001,A08_S001,0.0343,45,true
E50,A07_S001,A07_S002,0.3889,35,true
E51,A08_S001,A09_S001,0.0344,45,true
E52,A08_S001,A08_S002,0.3889,35,true
E53,A09_S001,A10_S001,0.0344,45,true
E54,A09_S001,A09_S002,0.3889,35,true
E55,A10_S001,A11_S001,0.0343,45,true
E56,A10_S001,A10_S002,0.3889,35,true
E57,A11_S001,A12_S001,0.0344,45,true
E58,A11_S001,A11_S002,0.3889,35,true
E59,A12_S001,A13_S001,0.0344,45,true
E60,A12_S001,A12_S002,0.3889,35,true
E61,A13_S001,A14_S001,0.0343,45,true
E62,A13_S001,A13_S002,0.3889,35,true
E63,A14_S001,A15_S001,0.0344,45,true
E64,A14_S001,A14_S002,0.3889,35,true
E65,A15_S001,A16_S001,0.0344,45,true
E66,A15_S001,A15_S002,0.3889,35,true
E67,A16_S001,A17_S001,0.0343,45,true
E68,A16_S001,A16_S002,0.3889,35,true
E69,A17_S001,A17_S002,0.3889,35,true
E70,A00_S002,A01_S002,0.053,55,true
E71,A00_S002,A00_S003,0.3889,35,true
E72,A01_S002,A02_S002,0.053,45,true
E73,A01_S002,A01_S003,0.3889,35,true
E74,A02_S002,A03_S002,0.0531,45,true
E75,A02_S002,A02_S003,0.3889,35,true
E76,A03_S002,A04_S002,0.053,45,true
E77,A03_S002,A03_S003,0.3889,35,true
E78,A04_S002,A05_S002,0.053,45,true
E79,A04_S002,A04_S003,0.3889,35,true
E80,A05_S002,A06_S002,0.053,45,true
E81,A05_S002,A05_S003,0.3889,35,true
E82,A06_S002,A07_S002,0.0531,45,true
E83,A06_S002,A06_S003,0.3889,35,true
E84,A07_S002,A08_S002,0.053,45,true
E85,A07_S002,A07_S003,0.3889,35,true
E86,A08_S002,A09_S002,0.053,45,true
E87,A08_S002,A08_S003,0.3889,35,true
E88,A09_S002,A10_S002,0.0531,45,true
E89,A09_S002,A09_S003,0.3889,35,true
E90,A10_S002,A11_S002,0.053,45,true
E91,A10_S002,A10_S003,0.3889,35,true
E92,A11_S002,A12_S002,0.053,45,true
E93,A11_S002,A11_S003,0.3889,35,true
E94,A12_S002,A13_S002,0.053,45,true
E95,A12_S002,A12_S003,0.3889,35,true
E96,A13_S002,A14_S002,0.0531,45,true
E97,A13_S002,A13_S003,0.3889,35,true
E98,A14_S002,A15_S002,0.053,45,true
E99,A14_S002,A14_S003,0.3889,35,true
E100,A15_S002,A16_S002,0.053,45,true
E101,A15_S002,A15_S003,0.3889,35,true
E102,A16_S002,A17_S002,0.0531,45,true
E103,A16_S002,A16_S003,0.3889,35,true
E104,A17_S002,A17_S003,0.3889,35,true
E105,A00_S003,A01_S003,0.0617,55,true
E106,A00_S003,A00_S004,0.3889,35,true
E107,A01_S003,A02_S003,0.0617,45,true
E108,A01_S003,A01_S004,0.3889,35,true
E109,A02_S003,A03_S003,0.0617,45,true
E110,A02_S003,A02_S004,0.3889,35,true
E111,A03_S003,A04_S003,0.0617,45,true
E112,A03_S003,A03_S004,0.3889,35,true
E113,A04_S003,A05_S003,0.0617,45,true
E114,A04_S003,A04_S004,0.3889,35,true
E115,A05_S003,A06_S003,0.0617,45,true
E116,A05_S003,A05_S004,0.3889,35,true
E117,A06_S003,A07_S003,0.0617,45,true
E118,A06_S003,A06_S004,0.3889,35,true
E119,A07_S003,A08_S003,0.0617,45,true
E120,A07_S003,A07_S004,0.3889,35,true
E121,A08_S003,A09_S003,0.0616,45,true
E122,A08_S003,A08_S004,0.3889,35,true
E123,A09_S003,A10_S003,0.0617,45,true
E124,A09_S003,A09_S004,0.3889,35,true
E125,A10_S003,A11_S003,0.0617,45,true
E126,A10_S003,A10_S004,0.3889,35,true
E127,A11_S003,A12_S003,0.0617,45,true
E128,A11_S003,A11_S004,0.3889,35,true
E129,A12_S003,A13_S003,0.0617,45,true
E130,A12_S003,A12_S004,0.3889,35,true
E131,A13_S003,A14_S003,0.0617,45,true
E132,A13_S003,A13_S004,0.3889,35,true
E133,A14_S003,A15_S003,0.0617,45,true
E134,A14_S003,A14_S004,0.3889,35,true
E135,A15_S003,A16_S003,0.0617,45,true
E136,A15_S003,A15_S004,0.3889,35,true
E137,A16_S003,A17_S003,0.0617,45,true
E138,A16_S003,A16_S004,0.3889,35,true
E139,A17_S003,A17_S004,0.3889,35,true
E140,A00_S004,A01_S004,0.0693,55,true
E141,A00_S004,A00_S005,0.3888,35,true
E142,A01_S004,A02_S004,0.0693,45,true
E143,A01_S004,A01_S005,0.3888,35,true
E144,A02_S004,A03_S004,0.0693,45,true
E145,A02_S004,A02_S005,0.3888,35,true
E146,A03_S004,A04_S004,0.0694,45,true
E147,A03_S004,A03_S005,0.3888,35,true
E148,A04_S004,A05_S004,0.0693,45,true
E149,A04_S004,A04_S005,0.3888,35,true
E150,A05_S004,A06_S004,0.0693,45,true
E151,A05_S004,A05_S005,0.3888,35,true
E152,A06_S004,A07_S004,0.0693,45,true
E153,A06_S004,A06_S005,0.3888,35,true
E154,A07_S004,A08_S004,0.0694,45,true
E155,A07_S004,A07_S005,0.3888,35,true
E156,A08_S004,A09_S004,0.0693,45,true
E157,A08_S004,A08_S005,0.3888,35,true
E158,A09_S004,A10_S004,0.0693,45,true
E159,A09_S004,A09_S005,0.3888,35,true
E160,A10_S004,A11_S004,0.0693,45,true
E161,A10_S004,A10_S005,0.3888,35,true
E162,A11_S004,A12_S004,0.0694,45,true
E163,A11_S004,A11_S005,0.3888,35,true
E164,A12_S004,A13_S004,0.0693,45,true
E165,A12_S004,A12_S005,0.3888,35,true
E166,A13_S004,A14_S004,0.0693,45,true
E167,A13_S004,A13_S005,0.3888,35,true
E168,A14_S004,A15_S004,0.0693,45,true
E169,A14_S004,A14_S005,0.3888,35,true
E170,A15_S004,A16_S004,0.0694,45,true
E171,A15_S004,A15_S005,0.3888,35,true
E172,A16_S004,A17_S004,0.0693,45,true
E173,A16_S004,A16_S005,0.3888,35,true
E174,A17_S004,A17_S005,0.3888,35,true
E175,A00_S005,A01_S005,0.075,55,true
E176,A00_S005,A00_S006,0.3889,35,true
E177,A01_S005,A02_S005,0.0751,45,true
E178,A01_S005,A01_S006,0.3889,35,true
E179,A02_S005,A03_S005,0.075,45,true
E180,A02_S005,A02_S006,0.3889,35,true
E181,A03_S005,A04_S005,0.0751,45,true
E182,A03_S005,A03_S006,0.3889,35,true
E183,A04_S005,A05_S005,0.075,45,true
E184,A04_S005,A04_S006,0.3889,35,true
E185,A05_S005,A06_S005,0.0751,45,true
E186,A05_S005,A05_S006,0.3889,35,true
E187,A06_S005,A07_S005,0.075,45,true
E188,A06_S005,A06_S006,0.3889,35,true
E189,A07_S005,A08_S005,0.075,45,true
E190,A07_S005,A07_S006,0.3889,35,true
E191,A08_S005,A09_S005,0.0751,45,true
E192,A08_S005,A08_S006,0.3889,35,true
E193,A09_S005,A10_S005,0.075,45,true
E194,A09_S005,A09_S006,0.3889,35,true
E195,A10_S005,A11_S005,0.0751,45,true
E196,A10_S005,A10_S006,0.3889,35,true
E197,A11_S005,A12_S005,0.075,45,true
E198,A11_S005,A11_S006,0.3889,35,true
E199,A12_S005,A13_S005,0.0751,45,true
E200,A12_S005,A12_S006,0.3889,35,true
E201,A13_S005,A14_S005,0.075,45,true
E202,A13_S005,A13_S006,0.3889,35,true
E203,A14_S005,A15_S005,0.0751,45,true
E204,A14_S005,A14_S006,0.3889,35,true
E205,A15_S005,A16_S005,0.075,45,true
E206,A15_S005,A15_S006,0.3889,35,true
E207,A16_S005,A17_S005,0.0751,45,true
E208,A16_S005,A16_S006,0.3889,35,true
E209,A17_S005,A17_S006,0.3889,35,true
E210,A00_S006,A01_S006,0.0784,55,true
E211,A00_S006,A00_S007,0.3889,35,true
E212,A01_S006,A02_S006,0.0784,45,true
E213,A01_S006,A01_S007,0.3889,35,true
E214,A02_S006,A03_S006,0.0784,45,true
E215,A02_S006,A02_S007,0.3889,35,true
E216,A03_S006,A04_S006,0.0784,45,true
E217,A03_S006,A03_S007,0.3889,35,true
E218,A04_S006,A05_S006,0.0784,45,true
E219,A04_S006,A04_S007,0.3889,35,true
E220,A05_S006,A06_S006,0.0784,45,true
E221,A05_S006,A05_S007,0.3889,35,true
E222,A06_S006,A07_S006,0.0784,45,true
E223,A06_S006,A06_S007,0.3889,35,true
E224,A07_S006,A08_S006,0.0784,45,true
E225,A07_S006,A07_S007,0.3889,35,true
E226,A08_S006,A09_S006,0.0784,45,true
E227,A08_S006,A08_S007,0.3889,35,true
E228,A09_S006,A10_S006,0.0784,45,true
E229,A09_S006,A09_S007,0.3889,35,true
E230,A10_S006,A11_S006,0.0784,45,true
E231,A10_S006,A10_S007,0.3889,35,true
E232,A11_S006,A12_S006,0.0784,45,true
E233,A11_S006,A11_S007,0.3889,35,true
E234,A12_S006,A13_S006,0.0784,45,true
E235,A12_S006,A12_S007,0.3889,35,true
E236,A13_S006,A14_S006,0.0784,45,true
E237,A13_S006,A13_S007,0.3889,35,true
E238,A14_S006,A15_S006,0.0784,45,true
E239,A14_S006,A14_S007,0.3889,35,true
E240,A15_S006,A16_S006,0.0784,45,true
E241,A15_S006,A15_S007,0.3889,35,true
E242,A16_S006,A17_S006,0.0784,45,true
E243,A16_S006,A16_S007,0.3889,35,true
E244,A17_S006,A17_S007,0.3889,35,true
E245,A00_S007,A01_S007,0.0808,55,true
E246,A00_S007,A00_S008,0.3889,35,true
E247,A01_S007,A02_S007,0.0807,45,true
E248,A01_S007,A01_S008,0.3889,35,true
E249,A02_S007,A03_S007,0.0808,45,true
E250,A02_S007,A02_S008,0.3889,35,true
E251,A03_S007,A04_S007,0.0808,45,true
E252,A03_S007,A03_S008,0.3889,35,true
E253,A04_S007,A05_S007,0.0808,45,true
E254,A04_S007,A04_S008,0.3889,35,true
E255,A05_S007,A06_S007,0.0807,45,true
E256,A05_S007,A05_S008,0.3889,35,true
E257,A06_S007,A07_S007,0.0808,45,true
E258,A06_S007,A06_S008,0.3889,35,true
E259,A07_S007,A08_S007,0.0808,45,true
E260,A07_S007,A07_S008,0.3889,35,true
E261,A08_S007,A09_S007,0.0808,45,true
E262,A08_S007,A08_S008,0.3889,35,true
E263,A09_S007,A10_S007,0.0807,45,true
E264,A09_S007,A09_S008,0.3889,35,true
E265,A10_S007,A11_S007,0.0808,45,true
E266,A10_S007,A10_S008,0.3889,35,true
E267,A11_S007,A12_S007,0.0808,45,true
E268,A11_S007,A11_S008,0.3889,35,true
E269,A12_S007,A13_S007,0.0807,45,true
E270,A12_S007,A12_S008,0.3889,35,true
E271,A13_S007,A14_S007,0.0808,45,true
E272,A13_S007,A13_S008,0.3889,35,true
E273,A14_S007,A15_S007,0.0808,45,true
E274,A14_S007,A14_S008,0.3889,35,true
E275,A15_S007,A16_S007,0.0808,45,true
E276,A15_S007,A15_S008,0.3889,35,true
E277,A16_S007,A17_S007,0.0807,45,true
E278,A16_S007,A16_S008,0.3889,35,true
E279,A17_S007,A17_S008,0.3889,35,true
E280,A00_S008,A01_S008,0.0831,55,true
E281,A00_S008,A00_S009,0.3889,35,true
E282,A01_S008,A02_S008,0.0832,45,true
E283,A01_S008,A01_S009,0.3889,35,true
E284,A02_S008,A03_S008,0.0831,45,true
E285,A02_S008,A02_S009,0.3889,35,true
E286,A03_S008,A04_S008,0.0831,45,true
E287,A03_S008,A03_S009,0.3889,35,true
E288,A04_S008,A05_S008,0.0832,45,true
E289,A04_S008,A04_S009,0.3889,35,true
E290,A05_S008,A06_S008,0.0831,45,true
E291,A05_S008,A05_S009,0.3889,35,true
E292,A06_S008,A07_S008,0.0832,45,true
E293,A06_S008,A06_S009,0.3889,35,true
E294,A07_S008,A08_S008,0.0831,45,true
E295,A07_S008,A07_S009,0.3889,35,true
E296,A08_S008,A09_S008,0.0832,45,true
E297,A08_S008,A08_S009,0.3889,35,true
E298,A09_S008,A10_S008,0.0831,45,true
E299,A09_S008,A09_S009,0.3889,35,true
E300,A10_S008,A11_S008,0.0832,45,true
E301,A10_S008,A10_S009,0.3889,35,true
E302,A11_S008,A12_S008,0.0831,45,true
E303,A11_S008,A11_S009,0.3889,35,true
E304,A12_S008,A13_S008,0.0831,45,true
E305,A12_S008,A12_S009,0.3889,35,true
E306,A13_S008,A14_S008,0.0832,45,true
E307,A13_S008,A13_S009,0.3889,35,true
E308,A14_S008,A15_S008,0.0831,45,true
E309,A14_S008,A14_S009,0.3889,35,true
E310,A15_S008,A16_S008,0.0832,45,true
E311,A15_S008,A15_S009,0.3889,35,true
E312,A16_S008,A17_S008,0.0831,45,true
E313,A16_S008,A16_S009,0.3889,35,true
E314,A17_S008,A17_S009,0.3889,35,true
E315,A00_S009,A01_S009,0.0851,55,true
E316,A00_S009,A00_S010,0.3889,40,true
E317,A01_S009,A02_S009,0.0851,45,true
E318,A01_S009,A01_S010,0.3889,40,true
E319,A02_S009,A03_S009,0.0851,45,true
E320,A02_S009,A02_S010,0.3889,40,true
E321,A03_S009,A04_S009,0.0851,45,true
E322,A03_S009,A03_S010,0.3889,40,true
E323,A04_S009,A05_S009,0.0851,45,true
E324,A04_S009,A04_S010,0.3889,40,true
E325,A05_S009,A06_S009,0.0851,45,true
E326,A05_S009,A05_S010,0.3889,40,true
E327,A06_S009,A07_S009,0.0851,45,true
E328,A06_S009,A06_S010,0.3889,40,true
E329,A07_S009,A08_S009,0.0851,45,true
E330,A07_S009,A07_S010,0.3889,40,true
E331,A08_S009,A09_S009,0.0851,45,true
E332,A08_S009,A08_S010,0.3889,40,true
E333,A09_S009,A10_S009,0.0851,45,true
E334,A09_S009,A09_S010,0.3889,40,true
E335,A10_S009,A11_S009,0.0851,45,true
E336,A10_S009,A10_S010,0.3889,40,true
E337,A11_S009,A12_S009,0.0851,45,true
E338,A11_S009,A11_S010,0.3889,40,true
E339,A12_S009,A13_S009,0.0851,45,true
E340,A12_S009,A12_S010,0.3889,40,true
E341,A13_S009,A14_S009,0.0851,45,true
E342,A13_S009,A13_S010,0.3889,40,true
E343,A14_S009,A15_S009,0.0851,45,true
E344,A14_S009,A14_S010,0.3889,40,true
E345,A15_S009,A16_S009,0.0851,45,true
E346,A15_S009,A15_S010,0.3889,40,true
E347,A16_S009,A17_S009,0.0851,45,true
E348,A16_S009,A16_S010,0.3889,40,true
E349,A17_S009,A17_S010,0.3889,40,true
E350,A00_S010,A01_S010,0.0867,55,true
E351,A00_S010,A00_S011,0.3889,40,true
E352,A01_S010,A02_S010,0.0866,45,true
E353,A01_S010,A01_S011,0.3889,40,true
E354,A02_S010,A03_S010,0.0867,45,true
E355,A02_S010,A02_S011,0.3889,40,true
E356,A03_S010,A04_S010,0.0866,45,true
E357,A03_S010,A03_S011,0.3889,40,true
E358,A04_S010,A05_S010,0.0867,45,true
E359,A04_S010,A04_S011,0.3889,40,true
E360,A05_S010,A06_S010,0.0866,45,true
E361,A05_S010,A05_S011,0.3889,40,true
E362,A06_S010,A07_S010,0.0867,45,true
E363,A06_S010,A06_S011,0.3889,40,true
E364,A07_S010,A08_S010,0.0866,45,true
E365,A07_S010,A07_S011,0.3889,40,true
E366,A08_S010,A09_S010,0.0867,45,true
E367,A08_S010,A08_S011,0.3889,40,true
E368,A09_S010,A10_S010,0.0866,45,true
E369,A09_S010,A09_S011,0.3889,40,true
E370,A10_S010,A11_S010,0.0867,45,true
E371,A10_S010,A10_S011,0.3889,40,true
E372,A11_S010,A12_S010,0.0866,45,true
E373,A11_S010,A11_S011,0.3889,40,true
E374,A12_S010,A13_S010,0.0867,45,true
E375,A12_S010,A12_S011,0.3889,40,true
E376,A13_S010,A14_S010,0.0866,45,true
E377,A13_S010,A13_S011,0.3889,40,true
E378,A14_S010,A15_S010,0.0867,45,true
E379,A14_S010,A14_S011,0.3889,40,true
E380,A15_S010,A16_S010,0.0867,45,true
E381,A15_S010,A15_S011,0.3889,40,true
E382,A16_S010,A17_S010,0.0866,45,true
E383,A16_S010,A16_S011,0.3889,40,true
E384,A17_S010,A17_S011,0.3889,40,true
E385,A00_S011,A01_S011,0.0873,55,true
E386,A00_S011,A00_S012,0.3889,40,true
E387,A01_S011,A02_S011,0.0873,45,true
E388,A01_S011,A01_S012,0.3889,40,true
E389,A02_S011,A03_S011,0.0873,45,true
E390,A02_S011,A02_S012,0.3889,40,true
E391,A03_S011,A04_S011,0.0873,45,true
E392,A03_S011,A03_S012,0.3889,40,true
E393,A04_S011,A05_S011,0.0873,45,true
E394,A04_S011,A04_S012,0.3889,40,true
E395,A05_S011,A06_S011,0.0874,45,true
E396,A05_S011,A05_S012,0.3889,40,true
E397,A06_S011,A07_S011,0.0873,45,true
E398,A06_S011,A06_S012,0.3889,40,true
E399,A07_S011,A08_S011,0.0873,45,true
E400,A07_S011,A07_S012,0.3889,40,true
E401,A08_S011,A09_S011,0.0873,45,true
E402,A08_S011,A08_S012,0.3889,40,true
E403,A09_S011,A10_S011,0.0873,45,true
E404,A09_S011,A09_S012,0.3889,40,true
E405,A10_S011,A11_S011,0.0873,45,true
E406,A10_S011,A10_S012,0.3889,40,true
E407,A11_S011,A12_S011,0.0873,45,true
E408,A11_S011,A11_S012,0.3889,40,true
E409,A12_S011,A13_S011,0.0873,45,true
E410,A12_S011,A12_S012,0.3889,40,true
E411,A13_S011,A14_S011,0.0873,45,true
E412,A13_S011,A13_S012,0.3889,40,true
E413,A14_S011,A15_S011,0.0873,45,true
E414,A14_S011,A14_S012,0.3889,40,true
E415,A15_S011,A16_S011,0.0873,45,true
E416,A15_S011,A15_S012,0.3889,40,true
E417,A16_S011,A17_S011,0.0873,45,true
E418,A16_S011,A16_S012,0.3889,40,true
E419,A17_S011,A17_S012,0.3889,40,true
E420,A00_S012,A01_S012,0.0878,55,true
E421,A00_S012,A00_S013,0.3889,40,true
E422,A01_S012,A02_S012,0.0879,45,true
E423,A01_S012,A01_S013,0.3889,40,true
E424,A02_S012,A03_S012,0.0879,45,true
E425,A02_S012,A02_S013,0.3889,40,true
E426,A03_S012,A04_S012,0.0879,45,true
E427,A03_S012,A03_S013,0.3889,40,true
E428,A04_S012,A05_S012,0.0879,45,true
E429,A04_S012,A04_S013,0.3889,40,true
E430,A05_S012,A06_S012,0.0879,45,true
E431,A05_S012,A05_S013,0.3889,40,true
E432,A06_S012,A07_S012,0.0878,45,true
E433,A06_S012,A06_S013,0.3889,40,true
E434,A07_S012,A08_S012,0.0879,45,true
E435,A07_S012,A07_S013,0.3889,40,true
E436,A08_S012,A09_S012,0.0879,45,true
E437,A08_S012,A08_S013,0.3889,40,true
E438,A09_S012,A10_S012,0.0879,45,true
E439,A09_S012,A09_S013,0.3889,40,true
E440,A10_S012,A11_S012,0.0879,45,true
E441,A10_S012,A10_S013,0.3889,40,true
E442,A11_S012,A12_S012,0.0878,45,true
E443,A11_S012,A11_S013,0.3889,40,true
E444,A12_S012,A13_S012,0.0879,45,true
E445,A12_S012,A12_S013,0.3889,40,true
E446,A13_S012,A14_S012,0.0879,45,true
E447,A13_S012,A13_S013,0.3889,40,true
E448,A14_S012,A15_S012,0.0879,45,true
E449,A14_S012,A14_S013,0.3889,40,true
E450,A15_S012,A16_S012,0.0879,45,true
E451,A15_S012,A15_S013,0.3889,40,true
E452,A16_S012,A17_S012,0.0879,45,true
E453,A16_S012,A16_S013,0.3889,40,true
E454,A17_S012,A17_S013,0.3889,40,true
E455,A00_S013,A01_S013,0.0879,55,true
E456,A00_S013,A00_S014,0.3888,40,true
E457,A01_S013,A02_S013,0.0879,45,true
E458,A01_S013,A01_S014,0.3888,40,true
E459,A02_S013,A03_S013,0.0878,45,true
E460,A02_S013,A02_S014,0.3888,40,true
E461,A03_S013,A04_S013,0.0879,45,true
E462,A03_S013,A03_S014,0.3888,40,true
E463,A04_S013,A05_S013,0.0879,45,true
E464,A04_S013,A04_S014,0.3888,40,true
E465,A05_S013,A06_S013,0.0879,45,true
E466,A05_S013,A05_S014,0.3888,40,true
E467,A06_S013,A07_S013,0.0879,45,true
E468,A06_S013,A06_S014,0.3888,40,true
E469,A07_S013,A08_S013,0.0878,45,true
E470,A07_S013,A07_S014,0.3888,40,true
E471,A08_S013,A09_S013,0.0879,45,true
E472,A08_S013,A08_S014,0.3888,40,true
E473,A09_S013,A10_S013,0.0879,45,true
E474,A09_S013,A09_S014,0.3888,40,true
E475,A10_S013,A11_S013,0.0879,45,true
E476,A10_S013,A10_S014,0.3888,40,true
E477,A11_S013,A12_S013,0.0879,45,true
E478,A11_S013,A11_S014,0.3888,40,true
E479,A12_S013,A13_S013,0.0879,45,true
E480,A12_S013,A12_S014,0.3888,40,true
E481,A13_S013,A14_S013,0.0878,45,true
E482,A13_S013,A13_S014,0.3888,40,true
E483,A14_S013,A15_S013,0.0879,45,true
E484,A14_S013,A14_S014,0.3888,40,true
E485,A15_S013,A16_S013,0.0879,45,true
E486,A15_S013,A15_S014,0.3888,40,true
E487,A16_S013,A17_S013,0.0879,45,true
E488,A16_S013,A16_S014,0.3888,40,true
E489,A17_S013,A17_S014,0.3888,40,true
E490,A00_S014,A01_S014,0.0879,55,true
E491,A00_S014,A00_S015,0.3889,40,true
E492,A01_S014,A02_S014,0.0879,45,true
E493,A01_S014,A01_S015,0.3889,40,true
E494,A02_S014,A03_S014,0.0879,45,true
E495,A02_S014,A02_S015,0.3889,40,true
E496,A03_S014,A04_S014,0.0879,45,true
E497,A03_S014,A03_S015,0.3889,40,true
E498,A04_S014,A05_S014,0.0878,45,true
E499,A04_S014,A04_S015,0.3889,40,true
E500,A05_S014,A06_S014,0.0879,45,true
E501,A05_S014,A05_S015,0.3889,40,true
E502,A06_S014,A07_S014,0.0879,45,true
E503,A06_S014,A06_S015,0.3889,40,true
E504,A07_S014,A08_S014,0.0879,45,true
E505,A07_S014,A07_S015,0.3889,40,true
E506,A08_S014,A09_S014,0.0879,45,true
E507,A08_S014,A08_S015,0.3889,40,true
E508,A09_S014,A10_S014,0.0879,45,true
E509,A09_S014,A09_S015,0.3889,40,true
E510,A10_S014,A11_S014,0.0878,45,true
E511,A10_S014,A10_S015,0.3889,40,true
E512,A11_S014,A12_S014,0.0879,45,true
E513,A11_S014,A11_S015,0.3889,40,true
E514,A12_S014,A13_S014,0.0879,45,true
E515,A12_S014,A12_S015,0.3889,40,true
E516,A13_S014,A14_S014,0.0879,45,true
E517,A13_S014,A13_S015,0.3889,40,true
E518,A14_S014,A15_S014,0.0879,45,true
E519,A14_S014,A14_S015,0.3889,40,true
E520,A15_S014,A16_S014,0.0879,45,true
E521,A15_S014,A15_S015,0.3889,40,true
E522,A16_S014,A17_S014,0.0878,45,true
E523,A16_S014,A16_S015,0.3889,40,true
E524,A17_S014,A17_S015,0.3889,40,true
E525,A00_S015,A01_S015,0.0879,55,true
E526,A00_S015,A00_S016,0.3889,40,true
E527,A01_S015,A02_S015,0.0879,45,true
E528,A01_S015,A01_S016,0.3889,40,true
E529,A02_S015,A03_S015,0.0879,45,true
E530,A02_S015,A02_S016,0.3889,40,true
E531,A03_S015,A04_S015,0.0878,45,true
E532,A03_S015,A03_S016,0.3889,40,true
E533,A04_S015,A05_S015,0.0879,45,true
E534,A04_S015,A04_S016,0.3889,40,true
E535,A05_S015,A06_S015,0.0879,45,true
E536,A05_S015,A05_S016,0.3889,40,true
E537,A06_S015,A07_S015,0.0879,45,true
E538,A06_S015,A06_S016,0.3889,40,true
E539,A07_S015,A08_S015,0.0879,45,true
E540,A07_S015,A07_S016,0.3889,40,true
E541,A08_S015,A09_S015,0.0878,45,true
E542,A08_S015,A08_S016,0.3889,40,true
E543,A09_S015,A10_S015,0.0879,45,true
E544,A09_S015,A09_S016,0.3889,40,true
E545,A10_S015,A11_S015,0.0879,45,true
E546,A10_S015,A10_S016,0.3889,40,true
E547,A11_S015,A12_S015,0.0879,45,true
E548,A11_S015,A11_S016,0.3889,40,true
E549,A12_S015,A13_S015,0.0879,45,true
E550,A12_S015,A12_S016,0.3889,40,true
E551,A13_S015,A14_S015,0.0879,45,true
E552,A13_S015,A13_S016,0.3889,40,true
E553,A14_S015,A15_S015,0.0878,45,true
E554,A14_S015,A14_S016,0.3889,40,true
E555,A15_S015,A16_S015,0.0879,45,true
E556,A15_S015,A15_S016,0.3889,40,true
E557,A16_S015,A17_S015,0.0879,45,true
E558,A16_S015,A16_S016,0.3889,40,true
E559,A17_S015,A17_S016,0.3889,40,true
E560,A00_S016,A01_S016,0.0877,55,true
E561,A00_S016,A00_S017,0.3889,40,true
E562,A01_S016,A02_S016,0.0877,45,true
E563,A01_S016,A01_S017,0.3889,40,true
E564,A02_S016,A03_S016,0.0877,45,true
E565,A02_S016,A02_S017,0.3889,40,true
E566,A03_S016,A04_S016,0.0878,45,true
E567,A03_S016,A03_S017,0.3889,40,true
E568,A04_S016,A05_S016,0.0877,45,true
E569,A04_S016,A04_S017,0.3889,40,true
E570,A05_S016,A06_S016,0.0877,45,true
E571,A05_S016,A05_S017,0.3889,40,true
E572,A06_S016,A07_S016,0.0877,45,true
E573,A06_S016,A06_S017,0.3889,40,true
E574,A07_S016,A08_S016,0.0877,45,true
E575,A07_S016,A07_S017,0.3889,40,true
E576,A08_S016,A09_S016,0.0877,45,true
E577,A08_S016,A08_S017,0.3889,40,true
E578,A09_S016,A10_S016,0.0878,45,true
E579,A09_S016,A09_S017,0.3889,40,true
E580,A10_S016,A11_S016,0.0877,45,true
E581,A10_S016,A10_S017,0.3889,40,true
E582,A11_S016,A12_S016,0.0877,45,true
E583,A11_S016,A11_S017,0.3889,40,true
E584,A12_S016,A13_S016,0.0877,45,true
E585,A12_S016,A12_S017,0.3889,40,true
E586,A13_S016,A14_S016,0.0877,45,true
E587,A13_S016,A13_S017,0.3889,40,true
E588,A14_S016,A15_S016,0.0877,45,true
E589,A14_S016,A14_S017,0.3889,40,true
E590,A15_S016,A16_S016,0.0878,45,true
E591,A15_S016,A15_S017,0.3889,40,true
E592,A16_S016,A17_S016,0.0877,45,true
E593,A16_S016,A16_S017,0.3889,40,true
E594,A17_S016,A17_S017,0.3889,40,true
E595,A00_S017,A01_S017,0.0875,55,true
E596,A00_S017,A00_S018,0.3889,40,true
E597,A01_S017,A02_S017,0.0875,45,true
E598,A01_S017,A01_S018,0.3889,40,true
E599,A02_S017,A03_S017,0.0875,45,true
E600,A02_S017,A02_S018,0.3889,40,true
E601,A03_S017,A04_S017,0.0876,45,true
E602,A03_S017,A03_S018,0.3889,40,true
E603,A04_S017,A05_S017,0.0875,45,true
E604,A04_S017,A04_S018,0.3889,40,true
E605,A05_S017,A06_S017,0.0875,45,true
E606,A05_S017,A05_S018,0.3889,40,true
E607,A06_S017,A07_S017,0.0876,45,true
E608,A06_S017,A06_S018,0.3889,40,true
E609,A07_S017,A08_S017,0.0875,45,true
E610,A07_S017,A07_S018,0.3889,40,true
E611,A08_S017,A09_S017,0.0875,45,true
E612,A08_S017,A08_S018,0.3889,40,true
E613,A09_S017,A10_S017,0.0876,45,true
E614,A09_S017,A09_S018,0.3889,40,true
E615,A10_S017,A11_S017,0.0875,45,true
E616,A10_S017,A10_S018,0.3889,40,true
E617,A11_S017,A12_S017,0.0875,45,true
E618,A11_S017,A11_S018,0.3889,40,true
E619,A12_S017,A13_S017,0.0876,45,true
E620,A12_S017,A12_S018,0.3889,40,true
E621,A13_S017,A14_S017,0.0875,45,true
E622,A13_S017,A13_S018,0.3889,40,true
E623,A14_S017,A15_S017,0.0875,45,true
E624,A14_S017,A14_S018,0.3889,40,true
E625,A15_S017,A16_S017,0.0876,45,true
E626,A15_S017,A15_S018,0.3889,40,true
E627,A16_S017,A17_S017,0.0875,45,true
E628,A16_S017,A16_S018,0.3889,40,true
E629,A17_S017,A17_S018,0.3889,40,true
E630,A00_S018,A01_S018,0.0869,55,true
E631,A00_S018,A00_S019,0.3889,40,true
E632,A01_S018,A02_S018,0.087,45,true
E633,A01_S018,A01_S019,0.3889,40,true
E634,A02_S018,A03_S018,0.0869,45,true
E635,A02_S018,A02_S019,0.3889,40,true
E636,A03_S018,A04_S018,0.087,45,true
E637,A03_S018,A03_S019,0.3889,40,true
E638,A04_S018,A05_S018,0.087,45,true
E639,A04_S018,A04_S019,0.3889,40,true
E640,A05_S018,A06_S018,0.0869,45,true
E641,A05_S018,A05_S019,0.3889,40,true
E642,A06_S018,A07_S018,0.087,45,true
E643,A06_S018,A06_S019,0.3889,40,true
E644,A07_S018,A08_S018,0.0869,45,true
E645,A07_S018,A07_S019,0.3889,40,true
E646,A08_S018,A09_S018,0.087,45,true
E647,A08_S018,A08_S019,0.3889,40,true
E648,A09_S018,A10_S018,0.0869,45,true
E649,A09_S018,A09_S019,0.3889,40,true
E650,A10_S018,A11_S018,0.087,45,true
E651,A10_S018,A10_S019,0.3889,40,true
E652,A11_S018,A12_S018,0.0869,45,true
E653,A11_S018,A11_S019,0.3889,40,true
E654,A12_S018,A13_S018,0.087,45,true
E655,A12_S018,A12_S019,0.3889,40,true
E656,A13_S018,A14_S018,0.0869,45,true
E657,A13_S018,A13_S019,0.3889,40,true
E658,A14_S018,A15_S018,0.087,45,true
E659,A14_S018,A14_S019,0.3889,40,true
E660,A15_S018,A16_S018,0.0869,45,true
E661,A15_S018,A15_S019,0.3889,40,true
E662,A16_S018,A17_S018,0.087,45,true
E663,A16_S018,A16_S019,0.3889,40,true
E664,A17_S018,A17_S019,0.3889,40,true
E665,A00_S019,A01_S019,0.0862,55,true
E666,A00_S019,A00_S020,0.3889,40,true
E667,A01_S019,A02_S019,0.0863,45,true
E668,A01_S019,A01_S020,0.3889,40,true
E669,A02_S019,A03_S019,0.0862,45,true
E670,A02_S019,A02_S020,0.3889,40,true
E671,A03_S019,A04_S019,0.0862,45,true
E672,A03_S019,A03_S020,0.3889,40,true
E673,A04_S019,A05_S019,0.0863,45,true
E674,A04_S019,A04_S020,0.3889,40,true
E675,A05_S019,A06_S019,0.0862,45,true
E676,A05_S019,A05_S020,0.3889,40,true
E677,A06_S019,A07_S019,0.0862,45,true
E678,A06_S019,A06_S020,0.3889,40,true
E679,A07_S019,A08_S019,0.0862,45,true
E680,A07_S019,A07_S020,0.3889,40,true
E681,A08_S019,A09_S019,0.0863,45,true
E682,A08_S019,A08_S020,0.3889,40,true
E683,A09_S019,A10_S019,0.0862,45,true
E684,A09_S019,A09_S020,0.3889,40,true
E685,A10_S019,A11_S019,0.0862,45,true
E686,A10_S019,A10_S020,0.3889,40,true
E687,A11_S019,A12_S019,0.0863,45,true
E688,A11_S019,A11_S020,0.3889,40,true
E689,A12_S019,A13_S019,0.0862,45,true
E690,A12_S019,A12_S020,0.3889,40,true
E691,A13_S019,A14_S019,0.0862,45,true
E692,A13_S019,A13_S020,0.3889,40,true
E693,A14_S019,A15_S019,0.0863,45,true
E694,A14_S019,A14_S020,0.3889,40,true
E695,A15_S019,A16_S019,0.0862,45,true
E696,A15_S019,A15_S020,0.3889,40,true
E697,A16_S019,A17_S019,0.0862,45,true
E698,A16_S019,A16_S020,0.3889,40,true
E699,A17_S019,A17_S020,0.3889,40,true
E700,A00_S020,A01_S020,0.0855,55,true
E701,A00_S020,A00_S021,0.3889,40,true
E702,A01_S020,A02_S020,0.0856,45,true
E703,A01_S020,A01_S021,0.3889,40,true
E704,A02_S020,A03_S020,0.0856,45,true
E705,A02_S020,A02_S021,0.3889,40,true
E706,A03_S020,A04_S020,0.0856,45,true
E707,A03_S020,A03_S021,0.3889,40,true
E708,A04_S020,A05_S020,0.0855,45,true
E709,A04_S020,A04_S021,0.3889,40,true
E710,A05_S020,A06_S020,0.0856,45,true
E711,A05_S020,A05_S021,0.3889,40,true
E712,A06_S020,A07_S020,0.0856,45,true
E713,A06_S020,A06_S021,0.3889,40,true
E714,A07_S020,A08_S020,0.0856,45,true
E715,A07_S020,A07_S021,0.3889,40,true
E716,A08_S020,A09_S020,0.0855,45,true
E717,A08_S020,A08_S021,0.3889,40,true
E718,A09_S020,A10_S020,0.0856,45,true
E719,A09_S020,A09_S021,0.3889,40,true
E720,A10_S020,A11_S020,0.0856,45,true
E721,A10_S020,A10_S021,0.3889,40,true
E722,A11_S020,A12_S020,0.0856,45,true
E723,A11_S020,A11_S021,0.3889,40,true
E724,A12_S020,A13_S020,0.0855,45,true
E725,A12_S020,A12_S021,0.3889,40,true
E726,A13_S020,A14_S020,0.0856,45,true
E727,A13_S020,A13_S021,0.3889,40,true
E728,A14_S020,A15_S020,0.0856,45,true
E729,A14_S020,A14_S021,0.3889,40,true
E730,A15_S020,A16_S020,0.0856,45,true
E731,A15_S020,A15_S021,0.3889,40,true
E732,A16_S020,A17_S020,0.0855,45,true
E733,A16_S020,A16_S021,0.3889,40,true
E734,A17_S020,A17_S021,0.3889,40,true
E735,A00_S021,A01_S021,0.0849,55,true
E736,A00_S021,A00_S022,0.3889,40,true
E737,A01_S021,A02_S021,0.0849,45,true
E738,A01_S021,A01_S022,0.3889,40,true
E739,A02_S021,A03_S021,0.0849,45,true
E740,A02_S021,A02_S022,0.3889,40,true
E741,A03_S021,A04_S021,0.085,45,true
E742,A03_S021,A03_S022,0.3889,40,true
E743,A04_S021,A05_S021,0.0849,45,true
E744,A04_S021,A04_S022,0.3889,40,true
E745,A05_S021,A06_S021,0.0849,45,true
E746,A05_S021,A05_S022,0.3889,40,true
E747,A06_S021,A07_S021,0.0849,45,true
E748,A06_S021,A06_S022,0.3889,40,true
E749,A07_S021,A08_S021,0.085,45,true
E750,A07_S021,A07_S022,0.3889,40,true
E751,A08_S021,A09_S021,0.0849,45,true
E752,A08_S021,A08_S022,0.3889,40,true
E753,A09_S021,A10_S021,0.0849,45,true
E754,A09_S021,A09_S022,0.3889,40,true
E755,A10_S021,A11_S021,0.0849,45,true
E756,A10_S021,A10_S022,0.3889,40,true
E757,A11_S021,A12_S021,0.0849,45,true
E758,A11_S021,A11_S022,0.3889,40,true
E759,A12_S021,A13_S021,0.085,45,true
E760,A12_S021,A12_S022,0.3889,40,true
E761,A13_S021,A14_S021,0.0849,45,true
E762,A13_S021,A13_S022,0.3889,40,true
E763,A14_S021,A15_S021,0.0849,45,true
E764,A14_S021,A14_S022,0.3889,40,true
E765,A15_S021,A16_S021,0.0849,45,true
E766,A15_S021,A15_S022,0.3889,40,true
E767,A16_S021,A17_S021,0.0849,45,true
E768,A16_S021,A16_S022,0.3889,40,true
E769,A17_S021,A17_S022,0.3889,40,true
E770,A00_S022,A01_S022,0.0843,55,true
E771,A00_S022,A00_S023,0.3888,40,true
E772,A01_S022,A02_S022,0.0842,45,true
E773,A01_S022,A01_S023,0.3888,40,true
E774,A02_S022,A03_S022,0.0843,45,true
E775,A02_S022,A02_S023,0.3888,40,true
E776,A03_S022,A04_S022,0.0843,45,true
E777,A03_S022,A03_S023,0.3888,40,true
E778,A04_S022,A05_S022,0.0842,45,true
E779,A04_S022,A04_S023,0.3888,40,true
E780,A05_S022,A06_S022,0.0843,45,true
E781,A05_S022,A05_S023,0.3888,40,true
E782,A06_S022,A07_S022,0.0843,45,true
E783,A06_S022,A06_S023,0.3888,40,true
E784,A07_S022,A08_S022,0.0842,45,true
E785,A07_S022,A07_S023,0.3888,40,true
E786,A08_S022,A09_S022,0.0843,45,true
E787,A08_S022,A08_S023,0.3888,40,true
E788,A09_S022,A10_S022,0.0843,45,true
E789,A09_S022,A09_S023,0.3888,40,true
E790,A10_S022,A11_S022,0.0842,45,true
E791,A10_S022,A10_S023,0.3888,40,true
E792,A11_S022,A12_S022,0.0843,45,true
E793,A11_S022,A11_S023,0.3888,40,true
E794,A12_S022,A13_S022,0.0843,45,true
E795,A12_S022,A12_S023,0.3888,40,true
E796,A13_S022,A14_S022,0.0843,45,true
E797,A13_S022,A13_S023,0.3888,40,true
E798,A14_S022,A15_S022,0.0842,45,true
E799,A14_S022,A14_S023,0.3888,40,true
E800,A15_S022,A16_S022,0.0843,45,true
E801,A15_S022,A15_S023,0.3888,40,true
E802,A16_S022,A17_S022,0.0843,45,true
E803,A16_S022,A16_S023,0.3888,40,true
E804,A17_S022,A17_S023,0.3888,40,true
E805,A00_S023,A01_S023,0.0834,55,true
E806,A00_S023,A00_S024,0.3889,40,true
E807,A01_S023,A02_S023,0.0835,45,true
E808,A01_S023,A01_S024,0.3889,40,true
E809,A02_S023,A03_S023,0.0835,45,true
E810,A02_S023,A02_S024,0.3889,40,true
E811,A03_S023,A04_S023,0.0835,45,true
E812,A03_S023,A03_S024,0.3889,40,true
E813,A04_S023,A05_S023,0.0834,45,true
E814,A04_S023,A04_S024,0.3889,40,true
E815,A05_S023,A06_S023,0.0835,45,true
E816,A05_S023,A05_S024,0.3889,40,true
E817,A06_S023,A07_S023,0.0835,45,true
E818,A06_S023,A06_S024,0.3889,40,true
E819,A07_S023,A08_S023,0.0835,45,true
E820,A07_S023,A07_S024,0.3889,40,true
E821,A08_S023,A09_S023,0.0834,45,true
E822,A08_S023,A08_S024,0.3889,40,true
E823,A09_S023,A10_S023,0.0835,45,true
E824,A09_S023,A09_S024,0.3889,40,true
E825,A10_S023,A11_S023,0.0835,45,true
E826,A10_S023,A10_S024,0.3889,40,true
E827,A11_S023,A12_S023,0.0835,45,true
E828,A11_S023,A11_S024,0.3889,40,true
E829,A12_S023,A13_S023,0.0834,45,true
E830,A12_S023,A12_S024,0.3889,40,true
E831,A13_S023,A14_S023,0.0835,45,true
E832,A13_S023,A13_S024,0.3889,40,true
E833,A14_S023,A15_S023,0.0835,45,true
E834,A14_S023,A14_S024,0.3889,40,true
E835,A15_S023,A16_S023,0.0835,45,true
E836,A15_S023,A15_S024,0.3889,40,true
E837,A16_S023,A17_S023,0.0834,45,true
E838,A16_S023,A16_S024,0.3889,40,true
E839,A17_S023,A17_S024,0.3889,40,true
E840,A00_S024,A01_S024,0.0824,55,true
E841,A00_S024,A00_S025,0.3889,40,true
E842,A01_S024,A02_S024,0.0823,45,true
E843,A01_S024,A01_S025,0.3889,40,true
E844,A02_S024,A03_S024,0.0824,45,true
E845,A02_S024,A02_S025,0.3889,40,true
E846,A03_S024,A04_S024,0.0824,45,true
E847,A03_S024,A03_S025,0.3889,40,true
E848,A04_S024,A05_S024,0.0824,45,true
E849,A04_S024,A04_S025,0.3889,40,true
E850,A05_S024,A06_S024,0.0824,45,true
E851,A05_S024,A05_S025,0.3889,40,true
E852,A06_S024,A07_S024,0.0824,45,true
E853,A06_S024,A06_S025,0.3889,40,true
E854,A07_S024,A08_S024,0.0824,45,true
E855,A07_S024,A07_S025,0.3889,40,true
E856,A08_S024,A09_S024,0.0823,45,true
E857,A08_S024,A08_S025,0.3889,40,true
E858,A09_S024,A10_S024,0.0824,45,true
E859,A09_S024,A09_S025,0.3889,40,true
E860,A10_S024,A11_S024,0.0824,45,true
E861,A10_S024,A10_S025,0.3889,40,true
E862,A11_S024,A12_S024,0.0824,45,true
E863,A11_S024,A11_S025,0.3889,40,true
E864,A12_S024,A13_S024,0.0824,45,true
E865,A12_S024,A12_S025,0.3889,40,true
E866,A13_S024,A14_S024,0.0824,45,true
E867,A13_S024,A13_S025,0.3889,40,true
E868,A14_S024,A15_S024,0.0824,45,true
E869,A14_S024,A14_S025,0.3889,40,true
E870,A15_S024,A16_S024,0.0823,45,true
E871,A15_S024,A15_S025,0.3889,40,true
E872,A16_S024,A17_S024,0.0824,45,true
E873,A16_S024,A16_S025,0.3889,40,true
E874,A17_S024,A17_S025,0.3889,40,true
E875,A00_S025,A01_S025,0.0813,55,true
E876,A00_S025,A00_S026,0.3889,40,true
E877,A01_S025,A02_S025,0.0813,45,true
E878,A01_S025,A01_S026,0.3889,40,true
E879,A02_S025,A03_S025,0.0813,45,true
E880,A02_S025,A02_S026,0.3889,40,true
E881,A03_S025,A04_S025,0.0813,45,true
E882,A03_S025,A03_S026,0.3889,40,true
E883,A04_S025,A05_S025,0.0813,45,true
E884,A04_S025,A04_S026,0.3889,40,true
E885,A05_S025,A06_S025,0.0813,45,true
E886,A05_S025,A05_S026,0.3889,40,true
E887,A06_S025,A07_S025,0.0813,45,true
E888,A06_S025,A06_S026,0.3889,40,true
E889,A07_S025,A08_S025,0.0813,45,true
E890,A07_S025,A07_S026,0.3889,40,true
E891,A08_S025,A09_S025,0.0813,45,true
E892,A08_S025,A08_S026,0.3889,40,true
E893,A09_S025,A10_S025,0.0812,45,true
E894,A09_S025,A09_S026,0.3889,40,true
E895,A10_S025,A11_S025,0.0813,45,true
E896,A10_S025,A10_S026,0.3889,40,true
E897,A11_S025,A12_S025,0.0813,45,true
E898,A11_S025,A11_S026,0.3889,40,true
E899,A12_S025,A13_S025,0.0813,45,true
E900,A12_S025,A12_S026,0.3889,40,true
E901,A13_S025,A14_S025,0.0813,45,true
E902,A13_S025,A13_S026,0.3889,40,true
E903,A14_S025,A15_S025,0.0813,45,true
E904,A14_S025,A14_S026,0.3889,40,true
E905,A15_S025,A16_S025,0.0813,45,true
E906,A15_S025,A15_S026,0.3889,40,true
E907,A16_S025,A17_S025,0.0813,45,true
E908,A16_S025,A16_S026,0.3889,40,true
E909,A17_S025,A17_S026,0.3889,40,true
E910,A00_S026,A01_S026,0.0802,55,true
E911,A00_S026,A00_S027,0.3889,40,true
E912,A01_S026,A02_S026,0.0802,45,true
E913,A01_S026,A01_S027,0.3889,40,true
E914,A02_S026,A03_S026,0.0802,45,true
E915,A02_S026,A02_S027,0.3889,40,true
E916,A03_S026,A04_S026,0.0802,45,true
E917,A03_S026,A03_S027,0.3889,40,true
E918,A04_S026,A05_S026,0.0802,45,true
E919,A04_S026,A04_S027,0.3889,40,true
E920,A05_S026,A06_S026,0.0802,45,true
E921,A05_S026,A05_S027,0.3889,40,true
E922,A06_S026,A07_S026,0.0802,45,true
E923,A06_S026,A06_S027,0.3889,40,true
E924,A07_S026,A08_S026,0.0802,45,true
E925,A07_S026,A07_S027,0.3889,40,true
E926,A08_S026,A09_S026,0.0803,45,true
E927,A08_S026,A08_S027,0.3889,40,true
E928,A09_S026,A10_S026,0.0802,45,true
E929,A09_S026,A09_S027,0.3889,40,true
E930,A10_S026,A11_S026,0.0802,45,true
E931,A10_S026,A10_S027,0.3889,40,true
E932,A11_S026,A12_S026,0.0802,45,true
E933,A11_S026,A11_S027,0.3889,40,true
E934,A12_S026,A13_S026,0.0802,45,true
E935,A12_S026,A12_S027,0.3889,40,true
E936,A13_S026,A14_S026,0.0802,45,true
E937,A13_S026,A13_S027,0.3889,40,true
E938,A14_S026,A15_S026,0.0802,45,true
E939,A14_S026,A14_S027,0.3889,40,true
E940,A15_S026,A16_S026,0.0802,45,true
E941,A15_S026,A15_S027,0.3889,40,true
E942,A16_S026,A17_S026,0.0802,45,true
E943,A16_S026,A16_S027,0.3889,40,true
E944,A17_S026,A17_S027,0.3889,40,true
E945,A00_S027,A01_S027,0.0791,55,true
E946,A00_S027,A00_S028,0.3889,40,true
E947,A01_S027,A02_S027,0.0791,45,true
E948,A01_S027,A01_S028,0.3889,40,true
E949,A02_S027,A03_S027,0.0792,45,true
E950,A02_S027,A02_S028,0.3889,40,true
E951,A03_S027,A04_S027,0.0791,45,true
E952,A03_S027,A03_S028,0.3889,40,true
E953,A04_S027,A05_S027,0.0791,45,true
E954,A04_S027,A04_S028,0.3889,40,true
E955,A05_S027,A06_S027,0.0791,45,true
E956,A05_S027,A05_S028,0.3889,40,true
E957,A06_S027,A07_S027,0.0791,45,true
E958,A06_S027,A06_S028,0.3889,40,true
E959,A07_S027,A08_S027,0.0791,45,true
E960,A07_S027,A07_S028,0.3889,40,true
E961,A08_S027,A09_S027,0.0792,45,true
E962,A08_S027,A08_S028,0.3889,40,true
E963,A09_S027,A10_S027,0.0791,45,true
E964,A09_S027,A09_S028,0.3889,40,true
E965,A10_S027,A11_S027,0.0791,45,true
E966,A10_S027,A10_S028,0.3889,40,true
E967,A11_S027,A12_S027,0.0791,45,true
E968,A11_S027,A11_S028,0.3889,40,true
E969,A12_S027,A13_S027,0.0791,45,true
E970,A12_S027,A12_S028,0.3889,40,true
E971,A13_S027,A14_S027,0.0791,45,true
E972,A13_S027,A13_S028,0.3889,40,true
E973,A14_S027,A15_S027,0.0792,45,true
E974,A14_S027,A14_S028,0.3889,40,true
E975,A15_S027,A16_S027,0.0791,45,true
E976,A15_S027,A15_S028,0.3889,40,true
E977,A16_S027,A17_S027,0.0791,45,true
E978,A16_S027,A16_S028,0.3889,40,true
E979,A17_S027,A17_S028,0.3889,40,true
E980,A00_S028,A01_S028,0.0779,55,true
E981,A00_S028,A00_S029,0.3889,40,true
E982,A01_S028,A02_S028,0.0779,45,true
E983,A01_S028,A01_S029,0.3889,40,true
E984,A02_S028,A03_S028,0.0779,45,true
E985,A02_S028,A02_S029,0.3889,40,true
E986,A03_S028,A04_S028,0.0779,45,true
E987,A03_S028,A03_S029,0.3889,40,true
E988,A04_S028,A05_S028,0.078,45,true
E989,A04_S028,A04_S029,0.3889,40,true
E990,A05_S028,A06_S028,0.0779,45,true
E991,A05_S028,A05_S029,0.3889,40,true
E992,A06_S028,A07_S028,0.0779,45,true
E993,A06_S028,A06_S029,0.3889,40,true
E994,A07_S028,A08_S028,0.0779,45,true
E995,A07_S028,A07_S029,0.3889,40,true
E996,A08_S028,A09_S028,0.0779,45,true
E997,A08_S028,A08_S029,0.3889,40,true
E998,A09_S028,A10_S028,0.078,45,true
E999,A09_S028,A09_S029,0.3889,40,true
E1000,A10_S028,A11_S028,0.0779,45,true
E1001,A10_S028,A10_S029,0.3889,40,true
E1002,A11_S028,A12_S028,0.0779,45,true
E1003,A11_S028,A11_S029,0.3889,40,true
E1004,A12_S028,A13_S028,0.0779,45,true
E1005,A12_S028,A12_S029,0.3889,40,true
E1006,A13_S028,A14_S028,0.0779,45,true
E1007,A13_S028,A13_S029,0.3889,40,true
E1008,A14_S028,A15_S028,0.078,45,true
E1009,A14_S028,A14_S029,0.3889,40,true
E1010,A15_S028,A16_S028,0.0779,45,true
E1011,A15_S028,A15_S029,0.3889,40,true
E1012,A16_S028,A17_S028,0.0779,45,true
E1013,A16_S028,A16_S029,0.3889,40,true
E1014,A17_S028,A17_S029,0.3889,40,true
E1015,A00_S029,A01_S029,0.0767,55,true
E1016,A00_S029,A00_S030,0.3889,40,true
E1017,A01_S029,A02_S029,0.0768,45,true
E1018,A01_S029,A01_S030,0.3889,40,true
E1019,A02_S029,A03_S029,0.0767,45,true
E1020,A02_S029,A02_S030,0.3889,40,true
E1021,A03_S029,A04_S029,0.0767,45,true
E1022,A03_S029,A03_S030,0.3889,40,true
E1023,A04_S029,A05_S029,0.0767,45,true
E1024,A04_S029,A04_S030,0.3889,40,true
E1025,A05_S029,A06_S029,0.0767,45,true
E1026,A05_S029,A05_S030,0.3889,40,true
E1027,A06_S029,A07_S029,0.0768,45,true
E1028,A06_S029,A06_S030,0.3889,40,true
E1029,A07_S029,A08_S029,0.0767,45,true
E1030,A07_S029,A07_S030,0.3889,40,true
E1031,A08_S029,A09_S029,0.0767,45,true
E1032,A08_S029,A08_S030,0.3889,40,true
E1033,A09_S029,A10_S029,0.0767,45,true
E1034,A09_S029,A09_S030,0.3889,40,true
E1035,A10_S029,A11_S029,0.0768,45,true
E1036,A10_S029,A10_S030,0.3889,40,true
E1037,A11_S029,A12_S029,0.0767,45,true
E1038,A11_S029,A11_S030,0.3889,40,true
E1039,A12_S029,A13_S029,0.0767,45,true
E1040,A12_S029,A12_S030,0.3889,40,true
E1041,A13_S029,A14_S029,0.0767,45,true
E1042,A13_S029,A13_S030,0.3889,40,true
E1043,A14_S029,A15_S029,0.0767,45,true
E1044,A14_S029,A14_S030,0.3889,40,true
E1045,A15_S029,A16_S029,0.0768,45,true
E1046,A15_S029,A15_S030,0.3889,40,true
E1047,A16_S029,A17_S029,0.0767,45,true
E1048,A16_S029,A16_S030,0.3889,40,true
E1049,A17_S029,A17_S030,0.3889,40,true
E1050,A00_S030,A01_S030,0.0755,55,true
E1051,A00_S030,A00_S031,0.3889,40,true
E1052,A01_S030,A02_S030,0.0756,45,true
E1053,A01_S030,A01_S031,0.3889,40,true
E1054,A02_S030,A03_S030,0.0755,45,true
E1055,A02_S030,A02_S031,0.3889,40,true
E1056,A03_S030,A04_S030,0.0756,45,true
E1057,A03_S030,A03_S031,0.3889,40,true
E1058,A04_S030,A05_S030,0.0756,45,true
E1059,A04_S030,A04_S031,0.3889,40,true
E1060,A05_S030,A06_S030,0.0755,45,true
E1061,A05_S030,A05_S031,0.3889,40,true
E1062,A06_S030,A07_S030,0.0756,45,true
E1063,A06_S030,A06_S031,0.3889,40,true
E1064,A07_S030,A08_S030,0.0755,45,true
E1065,A07_S030,A07_S031,0.3889,40,true
E1066,A08_S030,A09_S030,0.0756,45,true
E1067,A08_S030,A08_S031,0.3889,40,true
E1068,A09_S030,A10_S030,0.0755,45,true
E1069,A09_S030,A09_S031,0.3889,40,true
E1070,A10_S030,A11_S030,0.0756,45,true
E1071,A10_S030,A10_S031,0.3889,40,true
E1072,A11_S030,A12_S030,0.0755,45,true
E1073,A11_S030,A11_S031,0.3889,40,true
E1074,A12_S030,A13_S030,0.0756,45,true
E1075,A12_S030,A12_S031,0.3889,40,true
E1076,A13_S030,A14_S030,0.0756,45,true
E1077,A13_S030,A13_S031,0.3889,40,true
E1078,A14_S030,A15_S030,0.0755,45,true
E1079,A14_S030,A14_S031,0.3889,40,true
E1080,A15_S030,A16_S030,0.0756,45,true
E1081,A15_S030,A15_S031,0.3889,40,true
E1082,A16_S030,A17_S030,0.0755,45,true
E1083,A16_S030,A16_S031,0.3889,40,true
E1084,A17_S030,A17_S031,0.3889,40,true
E1085,A00_S031,A01_S031,0.0745,55,true
E1086,A00_S031,A00_S032,0.3888,40,true
E1087,A01_S031,A02_S031,0.0745,45,true
E1088,A01_S031,A01_S032,0.3888,40,true
E1089,A02_S031,A03_S031,0.0744,45,true
E1090,A02_S031,A02_S032,0.3888,40,true
E1091,A03_S031,A04_S031,0.0745,45,true
E1092,A03_S031,A03_S032,0.3888,40,true
E1093,A04_S031,A05_S031,0.0745,45,true
E1094,A04_S031,A04_S032,0.3888,40,true
E1095,A05_S031,A06_S031,0.0744,45,true
E1096,A05_S031,A05_S032,0.3888,40,true
E1097,A06_S031,A07_S031,0.0745,45,true
E1098,A06_S031,A06_S032,0.3888,40,true
E1099,A07_S031,A08_S031,0.0745,45,true
E1100,A07_S031,A07_S032,0.3888,40,true
E1101,A08_S031,A09_S031,0.0744,45,true
E1102,A08_S031,A08_S032,0.3888,40,true
E1103,A09_S031,A10_S031,0.0745,45,true
E1104,A09_S031,A09_S032,0.3888,40,true
E1105,A10_S031,A11_S031,0.0745,45,true
E1106,A10_S031,A10_S032,0.3888,40,true
E1107,A11_S031,A12_S031,0.0744,45,true
E1108,A11_S031,A11_S032,0.3888,40,true
E1109,A12_S031,A13_S031,0.0745,45,true
E1110,A12_S031,A12_S032,0.3888,40,true
E1111,A13_S031,A14_S031,0.0745,45,true
E1112,A13_S031,A13_S032,0.3888,40,true
E1113,A14_S031,A15_S031,0.0744,45,true
E1114,A14_S031,A14_S032,0.3888,40,true
E1115,A15_S031,A16_S031,0.0745,45,true
E1116,A15_S031,A15_S032,0.3888,40,true
E1117,A16_S031,A17_S031,0.0745,45,true
E1118,A16_S031,A16_S032,0.3888,40,true
E1119,A17_S031,A17_S032,0.3888,40,true
E1120,A00_S032,A01_S032,0.0734,55,true
E1121,A00_S032,A00_S033,0.3889,40,true
E1122,A01_S032,A02_S032,0.0734,45,true
E1123,A01_S032,A01_S033,0.3889,40,true
E1124,A02_S032,A03_S032,0.0733,45,true
E1125,A02_S032,A02_S033,0.3889,40,true
E1126,A03_S032,A04_S032,0.0734,45,true
E1127,A03_S032,A03_S033,0.3889,40,true
E1128,A04_S032,A05_S032,0.0734,45,true
E1129,A04_S032,A04_S033,0.3889,40,true
E1130,A05_S032,A06_S032,0.0734,45,true
E1131,A05_S032,A05_S033,0.3889,40,true
E1132,A06_S032,A07_S032,0.0733,45,true
E1133,A06_S032,A06_S033,0.3889,40,true
E1134,A07_S032,A08_S032,0.0734,45,true
E1135,A07_S032,A07_S033,0.3889,40,true
E1136,A08_S032,A09_S032,0.0734,45,true
E1137,A08_S032,A08_S033,0.3889,40,true
E1138,A09_S032,A10_S032,0.0734,45,true
E1139,A09_S032,A09_S033,0.3889,40,true
E1140,A10_S032,A11_S032,0.0733,45,true
E1141,A10_S032,A10_S033,0.3889,40,true
E1142,A11_S032,A12_S032,0.0734,45,true
E1143,A11_S032,A11_S033,0.3889,40,true
E1144,A12_S032,A13_S032,0.0734,45,true
E1145,A12_S032,A12_S033,0.3889,40,true
E1146,A13_S032,A14_S032,0.0734,45,true
E1147,A13_S032,A13_S033,0.3889,40,true
E1148,A14_S032,A15_S032,0.0733,45,true
E1149,A14_S032,A14_S033,0.3889,40,true
E1150,A15_S032,A16_S032,0.0734,45,true
E1151,A15_S032,A15_S033,0.3889,40,true
E1152,A16_S032,A17_S032,0.0734,45,true
E1153,A16_S032,A16_S033,0.3889,40,true
E1154,A17_S032,A17_S033,0.3889,40,true
E1155,A00_S033,A01_S033,0.0721,55,true
E1156,A00_S033,A00_S034,0.3889,40,true
E1157,A01_S033,A02_S033,0.0721,45,true
E1158,A01_S033,A01_S034,0.3889,40,true
E1159,A02_S033,A03_S033,0.0721,45,true
E1160,A02_S033,A02_S034,0.3889,40,true
E1161,A03_S033,A04_S033,0.0721,45,true
E1162,A03_S033,A03_S034,0.3889,40,true
E1163,A04_S033,A05_S033,0.072,45,true
E1164,A04_S033,A04_S034,0.3889,40,true
E1165,A05_S033,A06_S033,0.0721,45,true
E1166,A05_S033,A05_S034,0.3889,40,true
E1167,A06_S033,A07_S033,0.0721,45,true
E1168,A06_S033,A06_S034,0.3889,40,true
E1169,A07_S033,A08_S033,0.0721,45,true
E1170,A07_S033,A07_S034,0.3889,40,true
E1171,A08_S033,A09_S033,0.0721,45,true
E1172,A08_S033,A08_S034,0.3889,40,true
E1173,A09_S033,A10_S033,0.0721,45,true
E1174,A09_S033,A09_S034,0.3889,40,true
E1175,A10_S033,A11_S033,0.0721,45,true
E1176,A10_S033,A10_S034,0.3889,40,true
E1177,A11_S033,A12_S033,0.0721,45,true
E1178,A11_S033,A11_S034,0.3889,40,true
E1179,A12_S033,A13_S033,0.0721,45,true
E1180,A12_S033,A12_S034,0.3889,40,true
E1181,A13_S033,A14_S033,0.0721,45,true
E1182,A13_S033,A13_S034,0.3889,40,true
E1183,A14_S033,A15_S033,0.0721,45,true
E1184,A14_S033,A14_S034,0.3889,40,true
E1185,A15_S033,A16_S033,0.0721,45,true
E1186,A15_S033,A15_S034,0.3889,40,true
E1187,A16_S033,A17_S033,0.072,45,true
E1188,A16_S033,A16_S034,0.3889,40,true
E1189,A17_S033,A17_S034,0.3889,40,true
E1190,A00_S034,A01_S034,0.0706,55,true
E1191,A00_S034,A00_S035,0.3889,40,true
E1192,A01_S034,A02_S034,0.0707,45,true
E1193,A01_S034,A01_S035,0.3889,40,true
E1194,A02_S034,A03_S034,0.0707,45,true
E1195,A02_S034,A02_S035,0.3889,40,true
E1196,A03_S034,A04_S034,0.0707,45,true
E1197,A03_S034,A03_S035,0.3889,40,true
E1198,A04_S034,A05_S034,0.0706,45,true
E1199,A04_S034,A04_S035,0.3889,40,true
E1200,A05_S034,A06_S034,0.0707,45,true
E1201,A05_S034,A05_S035,0.3889,40,true
E1202,A06_S034,A07_S034,0.0707,45,true
E1203,A06_S034,A06_S035,0.3889,40,true
E1204,A07_S034,A08_S034,0.0707,45,true
E1205,A07_S034,A07_S035,0.3889,40,true
E1206,A08_S034,A09_S034,0.0706,45,true
E1207,A08_S034,A08_S035,0.3889,40,true
E1208,A09_S034,A10_S034,0.0707,45,true
E1209,A09_S034,A09_S035,0.3889,40,true
E1210,A10_S034,A11_S034,0.0707,45,true
E1211,A10_S034,A10_S035,0.3889,40,true
E1212,A11_S034,A12_S034,0.0707,45,true
E1213,A11_S034,A11_S035,0.3889,40,true
E1214,A12_S034,A13_S034,0.0707,45,true
E1215,A12_S034,A12_S035,0.3889,40,true
E1216,A13_S034,A14_S034,0.0706,45,true
E1217,A13_S034,A13_S035,0.3889,40,true
E1218,A14_S034,A15_S034,0.0707,45,true
E1219,A14_S034,A14_S035,0.3889,40,true
E1220,A15_S034,A16_S034,0.0707,45,true
E1221,A15_S034,A15_S035,0.3889,40,true
E1222,A16_S034,A17_S034,0.0707,45,true
E1223,A16_S034,A16_S035,0.3889,40,true
E1224,A17_S034,A17_S035,0.3889,40,true
E1225,A00_S035,A01_S035,0.0692,55,true
E1226,A00_S035,A00_S036,0.3889,40,true
E1227,A01_S035,A02_S035,0.0693,45,true
E1228,A01_S035,A01_S036,0.3889,40,true
E1229,A02_S035,A03_S035,0.0692,45,true
E1230,A02_S035,A02_S036,0.3889,40,true
E1231,A03_S035,A04_S035,0.0693,45,true
E1232,A03_S035,A03_S036,0.3889,40,true
E1233,A04_S035,A05_S035,0.0692,45,true
E1234,A04_S035,A04_S036,0.3889,40,true
E1235,A05_S035,A06_S035,0.0693,45,true
E1236,A05_S035,A05_S036,0.3889,40,true
E1237,A06_S035,A07_S035,0.0693,45,true
E1238,A06_S035,A06_S036,0.3889,40,true
E1239,A07_S035,A08_S035,0.0692,45,true
E1240,A07_S035,A07_S036,0.3889,40,true
E1241,A08_S035,A09_S035,0.0693,45,true
E1242,A08_S035,A08_S036,0.3889,40,true
E1243,A09_S035,A10_S035,0.0692,45,true
E1244,A09_S035,A09_S036,0.3889,40,true
E1245,A10_S035,A11_S035,0.0693,45,true
E1246,A10_S035,A10_S036,0.3889,40,true
E1247,A11_S035,A12_S035,0.0693,45,true
E1248,A11_S035,A11_S036,0.3889,40,true
E1249,A12_S035,A13_S035,0.0692,45,true
E1250,A12_S035,A12_S036,0.3889,40,true
E1251,A13_S035,A14_S035,0.0693,45,true
E1252,A13_S035,A13_S036,0.3889,40,true
E1253,A14_S035,A15_S035,0.0692,45,true
E1254,A14_S035,A14_S036,0.3889,40,true
E1255,A15_S035,A16_S035,0.0693,45,true
E1256,A15_S035,A15_S036,0.3889,40,true
E1257,A16_S035,A17_S035,0.0693,45,true
E1258,A16_S035,A16_S036,0.3889,40,true
E1259,A17_S035,A17_S036,0.3889,40,true
E1260,A00_S036,A01_S036,0.068,55,true
E1261,A00_S036,A00_S037,0.3889,40,true
E1262,A01_S036,A02_S036,0.0679,45,true
E1263,A01_S036,A01_S037,0.3889,40,true
E1264,A02_S036,A03_S036,0.068,45,true
E1265,A02_S036,A02_S037,0.3889,40,true
E1266,A03_S036,A04_S036,0.0679,45,true
E1267,A03_S036,A03_S037,0.3889,40,true
E1268,A04_S036,A05_S036,0.0679,45,true
E1269,A04_S036,A04_S037,0.3889,40,true
E1270,A05_S036,A06_S036,0.068,45,true
E1271,A05_S036,A05_S037,0.3889,40,true
E1272,A06_S036,A07_S036,0.0679,45,true
E1273,A06_S036,A06_S037,0.3889,40,true
E1274,A07_S036,A08_S036,0.068,45,true
E1275,A07_S036,A07_S037,0.3889,40,true
E1276,A08_S036,A09_S036,0.0679,45,true
E1277,A08_S036,A08_S037,0.3889,40,true
E1278,A09_S036,A10_S036,0.0679,45,true
E1279,A09_S036,A09_S037,0.3889,40,true
E1280,A10_S036,A11_S036,0.068,45,true
E1281,A10_S036,A10_S037,0.3889,40,true
E1282,A11_S036,A12_S036,0.0679,45,true
E1283,A11_S036,A11_S037,0.3889,40,true
E1284,A12_S036,A13_S036,0.068,45,true
E1285,A12_S036,A12_S037,0.3889,40,true
E1286,A13_S036,A14_S036,0.0679,45,true
E1287,A13_S036,A13_S037,0.3889,40,true
E1288,A14_S036,A15_S036,0.068,45,true
E1289,A14_S036,A14_S037,0.3889,40,true
E1290,A15_S036,A16_S036,0.0679,45,true
E1291,A15_S036,A15_S037,0.3889,40,true
E1292,A16_S036,A17_S036,0.0679,45,true
E1293,A16_S036,A16_S037,0.3889,40,true
E1294,A17_S036,A17_S037,0.3889,40,true
E1295,A00_S037,A01_S037,0.0666,55,true
E1296,A00_S037,A00_S038,0.3889,40,true
E1297,A01_S037,A02_S037,0.0667,45,true
E1298,A01_S037,A01_S038,0.3889,40,true
E1299,A02_S037,A03_S037,0.0666,45,true
E1300,A02_S037,A02_S038,0.3889,40,true
E1301,A03_S037,A04_S037,0.0667,45,true
E1302,A03_S037,A03_S038,0.3889,40,true
E1303,A04_S037,A05_S037,0.0666,45,true
E1304,A04_S037,A04_S038,0.3889,40,true
E1305,A05_S037,A06_S037,0.0666,45,true
E1306,A05_S037,A05_S038,0.3889,40,true
E1307,A06_S037,A07_S037,0.0667,45,true
E1308,A06_S037,A06_S038,0.3889,40,true
E1309,A07_S037,A08_S037,0.0666,45,true
E1310,A07_S037,A07_S038,0.3889,40,true
E1311,A08_S037,A09_S037,0.0666,45,true
E1312,A08_S037,A08_S038,0.3889,40,true
E1313,A09_S037,A10_S037,0.0667,45,true
E1314,A09_S037,A09_S038,0.3889,40,true
E1315,A10_S037,A11_S037,0.0666,45,true
E1316,A10_S037,A10_S038,0.3889,40,true
E1317,A11_S037,A12_S037,0.0666,45,true
E1318,A11_S037,A11_S038,0.3889,40,true
E1319,A12_S037,A13_S037,0.0667,45,true
E1320,A12_S037,A12_S038,0.3889,40,true
E1321,A13_S037,A14_S037,0.0666,45,true
E1322,A13_S037,A13_S038,0.3889,40,true
E1323,A14_S037,A15_S037,0.0666,45,true
E1324,A14_S037,A14_S038,0.3889,40,true
E1325,A15_S037,A16_S037,0.0667,45,true
E1326,A15_S037,A15_S038,0.3889,40,true
E1327,A16_S037,A17_S037,0.0666,45,true
E1328,A16_S037,A16_S038,0.3889,40,true
E1329,A17_S037,A17_S038,0.3889,40,true
E1330,A00_S038,A01_S038,0.0652,55,true
E1331,A00_S038,A00_S039,0.3889,40,true
E1332,A01_S038,A02_S038,0.0653,45,true
E1333,A01_S038,A01_S039,0.3889,40,true
E1334,A02_S038,A03_S038,0.0652,45,true
E1335,A02_S038,A02_S039,0.3889,40,true
E1336,A03_S038,A04_S038,0.0653,45,true
E1337,A03_S038,A03_S039,0.3889,40,true
E1338,A04_S038,A05_S038,0.0652,45,true
E1339,A04_S038,A04_S039,0.3889,40,true
E1340,A05_S038,A06_S038,0.0653,45,true
E1341,A05_S038,A05_S039,0.3889,40,true
E1342,A06_S038,A07_S038,0.0652,45,true
E1343,A06_S038,A06_S039,0.3889,40,true
E1344,A07_S038,A08_S038,0.0653,45,true
E1345,A07_S038,A07_S039,0.3889,40,true
E1346,A08_S038,A09_S038,0.0652,45,true
E1347,A08_S038,A08_S039,0.3889,40,true
E1348,A09_S038,A10_S038,0.0653,45,true
E1349,A09_S038,A09_S039,0.3889,40,true
E1350,A10_S038,A11_S038,0.0652,45,true
E1351,A10_S038,A10_S039,0.3889,40,true
E1352,A11_S038,A12_S038,0.0653,45,true
E1353,A11_S038,A11_S039,0.3889,40,true
E1354,A12_S038,A13_S038,0.0652,45,true
E1355,A12_S038,A12_S039,0.3889,40,true
E1356,A13_S038,A14_S038,0.0653,45,true
E1357,A13_S038,A13_S039,0.3889,40,true
E1358,A14_S038,A15_S038,0.0653,45,true
E1359,A14_S038,A14_S039,0.3889,40,true
E1360,A15_S038,A16_S038,0.0652,45,true
E1361,A15_S038,A15_S039,0.3889,40,true
E1362,A16_S038,A17_S038,0.0653,45,true
E1363,A16_S038,A16_S039,0.3889,40,true
E1364,A17_S038,A17_S039,0.3889,40,true
E1365,A00_S039,A01_S039,0.0635,55,true
E1366,A00_S039,A00_S040,0.3889,40,true
E1367,A01_S039,A02_S039,0.0636,45,true
E1368,A01_S039,A01_S040,0.3889,40,true
E1369,A02_S039,A03_S039,0.0635,45,true
E1370,A02_S039,A02_S040,0.3889,40,true
E1371,A03_S039,A04_S039,0.0636,45,true
E1372,A03_S039,A03_S040,0.3889,40,true
E1373,A04_S039,A05_S039,0.0636,45,true
E1374,A04_S039,A04_S040,0.3889,40,true
E1375,A05_S039,A06_S039,0.0635,45,true
E1376,A05_S039,A05_S040,0.3889,40,true
E1377,A06_S039,A07_S039,0.0636,45,true
E1378,A06_S039,A06_S040,0.3889,40,true
E1379,A07_S039,A08_S039,0.0636,45,true
E1380,A07_S039,A07_S040,0.3889,40,true
E1381,A08_S039,A09_S039,0.0635,45,true
E1382,A08_S039,A08_S040,0.3889,40,true
E1383,A09_S039,A10_S039,0.0636,45,true
E1384,A09_S039,A09_S040,0.3889,40,true
E1385,A10_S039,A11_S039,0.0635,45,true
E1386,A10_S039,A10_S040,0.3889,40,true
E1387,A11_S039,A12_S039,0.0636,45,true
E1388,A11_S039,A11_S040,0.3889,40,true
E1389,A12_S039,A13_S039,0.0636,45,true
E1390,A12_S039,A12_S040,0.3889,40,true
E1391,A13_S039,A14_S039,0.0635,45,true
E1392,A13_S039,A13_S040,0.3889,40,true
E1393,A14_S039,A15_S039,0.0636,45,true
E1394,A14_S039,A14_S040,0.3889,40,true
E1395,A15_S039,A16_S039,0.0635,45,true
E1396,A15_S039,A15_S040,0.3889,40,true
E1397,A16_S039,A17_S039,0.0636,45,true
E1398,A16_S039,A16_S040,0.3889,40,true
E1399,A17_S039,A17_S040,0.3889,40,true
E1400,A00_S040,A01_S040,0.0619,55,true
E1401,A00_S040,A00_S041,0.3888,40,true
E1402,A01_S040,A02_S040,0.0619,45,true
E1403,A01_S040,A01_S041,0.3888,40,true
E1404,A02_S040,A03_S040,0.0618,45,true
E1405,A02_S040,A02_S041,0.3888,40,true
E1406,A03_S040,A04_S040,0.0619,45,true
E1407,A03_S040,A03_S041,0.3888,40,true
E1408,A04_S040,A05_S040,0.0619,45,true
E1409,A04_S040,A04_S041,0.3888,40,true
E1410,A05_S040,A06_S040,0.0619,45,true
E1411,A05_S040,A05_S041,0.3888,40,true
E1412,A06_S040,A07_S040,0.0618,45,true
E1413,A06_S040,A06_S041,0.3888,40,true
E1414,A07_S040,A08_S040,0.0619,45,true
E1415,A07_S040,A07_S041,0.3888,40,true
E1416,A08_S040,A09_S040,0.0619,45,true
E1417,A08_S040,A08_S041,0.3888,40,true
E1418,A09_S040,A10_S040,0.0619,45,true
E1419,A09_S040,A09_S041,0.3888,40,true
E1420,A10_S040,A11_S040,0.0618,45,true
E1421,A10_S040,A10_S041,0.3888,40,true
E1422,A11_S040,A12_S040,0.0619,45,true
E1423,A11_S040,A11_S041,0.3888,40,true
E1424,A12_S040,A13_S040,0.0619,45,true
E1425,A12_S040,A12_S041,0.3888,40,true
E1426,A13_S040,A14_S040,0.0618,45,true
E1427,A13_S040,A13_S041,0.3888,40,true
E1428,A14_S040,A15_S040,0.0619,45,true
E1429,A14_S040,A14_S041,0.3888,40,true
E1430,A15_S040,A16_S040,0.0619,45,true
E1431,A15_S040,A15_S041,0.3888,40,true
E1432,A16_S040,A17_S040,0.0619,45,true
E1433,A16_S040,A16_S041,0.3888,40,true
E1434,A17_S040,A17_S041,0.3888,40,true
E1435,A00_S041,A01_S041,0.06,55,true
E1436,A00_S041,A00_S042,0.3889,40,true
E1437,A01_S041,A02_S041,0.06,45,true
E1438,A01_S041,A01_S042,0.3889,40,true
E1439,A02_S041,A03_S041,0.06,45,true
E1440,A02_S041,A02_S042,0.3889,40,true
E1441,A03_S041,A04_S041,0.0601,45,true
E1442,A03_S041,A03_S042,0.3889,40,true
E1443,A04_S041,A05_S041,0.06,45,true
E1444,A04_S041,A04_S042,0.3889,40,true
E1445,A05_S041,A06_S041,0.06,45,true
E1446,A05_S041,A05_S042,0.3889,40,true
E1447,A06_S041,A07_S041,0.06,45,true
E1448,A06_S041,A06_S042,0.3889,40,true
E1449,A07_S041,A08_S041,0.0601,45,true
E1450,A07_S041,A07_S042,0.3889,40,true
E1451,A08_S041,A09_S041,0.06,45,true
E1452,A08_S041,A08_S042,0.3889,40,true
E1453,A09_S041,A10_S041,0.06,45,true
E1454,A09_S041,A09_S042,0.3889,40,true
E1455,A10_S041,A11_S041,0.06,45,true
E1456,A10_S041,A10_S042,0.3889,40,true
E1457,A11_S041,A12_S041,0.06,45,true
E1458,A11_S041,A11_S042,0.3889,40,true
E1459,A12_S041,A13_S041,0.0601,45,true
E1460,A12_S041,A12_S042,0.3889,40,true
E1461,A13_S041,A14_S041,0.06,45,true
E1462,A13_S041,A13_S042,0.3889,40,true
E1463,A14_S041,A15_S041,0.06,45,true
E1464,A14_S041,A14_S042,0.3889,40,true
E1465,A15_S041,A16_S041,0.06,45,true
E1466,A15_S041,A15_S042,0.3889,40,true
E1467,A16_S041,A17_S041,0.0601,45,true
E1468,A16_S041,A16_S042,0.3889,40,true
E1469,A17_S041,A17_S042,0.3889,40,true
E1470,A00_S042,A01_S042,0.0581,55,true
E1471,A00_S042,A00_S043,0.3889,40,true
E1472,A01_S042,A02_S042,0.058,45,true
E1473,A01_S042,A01_S043,0.3889,40,true
E1474,A02_S042,A03_S042,0.058,45,true
E1475,A02_S042,A02_S043,0.3889,40,true
E1476,A03_S042,A04_S042,0.058,45,true
E1477,A03_S042,A03_S043,0.3889,40,true
E1478,A04_S042,A05_S042,0.058,45,true
E1479,A04_S042,A04_S043,0.3889,40,true
E1480,A05_S042,A06_S042,0.058,45,true
E1481,A05_S042,A05_S043,0.3889,40,true
E1482,A06_S042,A07_S042,0.058,45,true
E1483,A06_S042,A06_S043,0.3889,40,true
E1484,A07_S042,A08_S042,0.058,45,true
E1485,A07_S042,A07_S043,0.3889,40,true
E1486,A08_S042,A09_S042,0.058,45,true
E1487,A08_S042,A08_S043,0.3889,40,true
E1488,A09_S042,A10_S042,0.058,45,true
E1489,A09_S042,A09_S043,0.3889,40,true
E1490,A10_S042,A11_S042,0.058,45,true
E1491,A10_S042,A10_S043,0.3889,40,true
E1492,A11_S042,A12_S042,0.058,45,true
E1493,A11_S042,A11_S043,0.3889,40,true
E1494,A12_S042,A13_S042,0.058,45,true
E1495,A12_S042,A12_S043,0.3889,40,true
E1496,A13_S042,A14_S042,0.058,45,true
E1497,A13_S042,A13_S043,0.3889,40,true
E1498,A14_S042,A15_S042,0.058,45,true
E1499,A14_S042,A14_S043,0.3889,40,true
E1500,A15_S042,A16_S042,0.058,45,true
E1501,A15_S042,A15_S043,0.3889,40,true
E1502,A16_S042,A17_S042,0.0581,45,true
E1503,A16_S042,A16_S043,0.3889,40,true
E1504,A17_S042,A17_S043,0.3889,40,true
E1505,A00_S043,A01_S043,0.0559,55,true
E1506,A00_S043,A00_S044,0.3889,40,true
E1507,A01_S043,A02_S043,0.0559,45,true
E1508,A01_S043,A01_S044,0.3889,40,true
E1509,A02_S043,A03_S043,0.0559,45,true
E1510,A02_S043,A02_S044,0.3889,40,true
E1511,A03_S043,A04_S043,0.0558,45,true
E1512,A03_S043,A03_S044,0.3889,40,true
E1513,A04_S043,A05_S043,0.0559,45,true
E1514,A04_S043,A04_S044,0.3889,40,true
E1515,A05_S043,A06_S043,0.0559,45,true
E1516,A05_S043,A05_S044,0.3889,40,true
E1517,A06_S043,A07_S043,0.0558,45,true
E1518,A06_S043,A06_S044,0.3889,40,true
E1519,A07_S043,A08_S043,0.0559,45,true
E1520,A07_S043,A07_S044,0.3889,40,true
E1521,A08_S043,A09_S043,0.0559,45,true
E1522,A08_S043,A08_S044,0.3889,40,true
E1523,A09_S043,A10_S043,0.0559,45,true
E1524,A09_S043,A09_S044,0.3889,40,true
E1525,A10_S043,A11_S043,0.0558,45,true
E1526,A10_S043,A10_S044,0.3889,40,true
E1527,A11_S043,A12_S043,0.0559,45,true
E1528,A11_S043,A11_S044,0.3889,40,true
E1529,A12_S043,A13_S043,0.0559,45,true
E1530,A12_S043,A12_S044,0.3889,40,true
E1531,A13_S043,A14_S043,0.0558,45,true
E1532,A13_S043,A13_S044,0.3889,40,true
E1533,A14_S043,A15_S043,0.0559,45,true
E1534,A14_S043,A14_S044,0.3889,40,true
E1535,A15_S043,A16_S043,0.0559,45,true
E1536,A15_S043,A15_S044,0.3889,40,true
E1537,A16_S043,A17_S043,0.0559,45,true
E1538,A16_S043,A16_S044,0.3889,40,true
E1539,A17_S043,A17_S044,0.3889,40,true
E1540,A00_S044,A01_S044,0.0537,55,true
E1541,A00_S044,A00_S045,0.3889,40,true
E1542,A01_S044,A02_S044,0.0537,45,true
E1543,A01_S044,A01_S045,0.3889,40,true
E1544,A02_S044,A03_S044,0.0538,45,true
E1545,A02_S044,A02_S045,0.3889,40,true
E1546,A03_S044,A04_S044,0.0537,45,true
E1547,A03_S044,A03_S045,0.3889,40,true
E1548,A04_S044,A05_S044,0.0537,45,true
E1549,A04_S044,A04_S045,0.3889,40,true
E1550,A05_S044,A06_S044,0.0537,45,true
E1551,A05_S044,A05_S045,0.3889,40,true
E1552,A06_S044,A07_S044,0.0537,45,true
E1553,A06_S044,A06_S045,0.3889,40,true
E1554,A07_S044,A08_S044,0.0538,45,true
E1555,A07_S044,A07_S045,0.3889,40,true
E1556,A08_S044,A09_S044,0.0537,45,true
E1557,A08_S044,A08_S045,0.3889,40,true
E1558,A09_S044,A10_S044,0.0537,45,true
E1559,A09_S044,A09_S045,0.3889,40,true
E1560,A10_S044,A11_S044,0.0537,45,true
E1561,A10_S044,A10_S045,0.3889,40,true
E1562,A11_S044,A12_S044,0.0537,45,true
E1563,A11_S044,A11_S045,0.3889,40,true
E1564,A12_S044,A13_S044,0.0538,45,true
E1565,A12_S044,A12_S045,0.3889,40,true
E1566,A13_S044,A14_S044,0.0537,45,true
E1567,A13_S044,A13_S045,0.3889,40,true
E1568,A14_S044,A15_S044,0.0537,45,true
E1569,A14_S044,A14_S045,0.3889,40,true
E1570,A15_S044,A16_S044,0.0537,45,true
E1571,A15_S044,A15_S045,0.3889,40,true
E1572,A16_S044,A17_S044,0.0537,45,true
E1573,A16_S044,A16_S045,0.3889,40,true
E1574,A17_S044,A17_S045,0.3889,40,true
E1575,A00_S045,A01_S045,0.0516,55,true
E1576,A00_S045,A00_S046,0.3889,40,true
E1577,A01_S045,A02_S045,0.0516,45,true
E1578,A01_S045,A01_S046,0.3889,40,true
E1579,A02_S045,A03_S045,0.0515,45,true
E1580,A02_S045,A02_S046,0.3889,40,true
E1581,A03_S045,A04_S045,0.0516,45,true
E1582,A03_S045,A03_S046,0.3889,40,true
E1583,A04_S045,A05_S045,0.0516,45,true
E1584,A04_S045,A04_S046,0.3889,40,true
E1585,A05_S045,A06_S045,0.0515,45,true
E1586,A05_S045,A05_S046,0.3889,40,true
E1587,A06_S045,A07_S045,0.0516,45,true
E1588,A06_S045,A06_S046,0.3889,40,true
E1589,A07_S045,A08_S045,0.0516,45,true
E1590,A07_S045,A07_S046,0.3889,40,true
E1591,A08_S045,A09_S045,0.0516,45,true
E1592,A08_S045,A08_S046,0.3889,40,true
E1593,A09_S045,A10_S045,0.0515,45,true
E1594,A09_S045,A09_S046,0.3889,40,true
E1595,A10_S045,A11_S045,0.0516,45,true
E1596,A10_S045,A10_S046,0.3889,40,true
E1597,A11_S045,A12_S045,0.0516,45,true
E1598,A11_S045,A11_S046,0.3889,40,true
E1599,A12_S045,A13_S045,0.0515,45,true
E1600,A12_S045,A12_S046,0.3889,40,true
E1601,A13_S045,A14_S045,0.0516,45,true
E1602,A13_S045,A13_S046,0.3889,40,true
E1603,A14_S045,A15_S045,0.0516,45,true
E1604,A14_S045,A14_S046,0.3889,40,true
E1605,A15_S045,A16_S045,0.0515,45,true
E1606,A15_S045,A15_S046,0.3889,40,true
E1607,A16_S045,A17_S045,0.0516,45,true
E1608,A16_S045,A16_S046,0.3889,40,true
E1609,A17_S045,A17_S046,0.3889,40,true
E1610,A00_S046,A01_S046,0.0493,55,true
E1611,A00_S046,A00_S047,0.3889,40,true
E1612,A01_S046,A02_S046,0.0494,45,true
E1613,A01_S046,A01_S047,0.3889,40,true
E1614,A02_S046,A03_S046,0.0494,45,true
E1615,A02_S046,A02_S047,0.3889,40,true
E1616,A03_S046,A04_S046,0.0493,45,true
E1617,A03_S046,A03_S047,0.3889,40,true
E1618,A04_S046,A05_S046,0.0494,45,true
E1619,A04_S046,A04_S047,0.3889,40,true
E1620,A05_S046,A06_S046,0.0493,45,true
E1621,A05_S046,A05_S047,0.3889,40,true
E1622,A06_S046,A07_S046,0.0494,45,true
E1623,A06_S046,A06_S047,0.3889,40,true
E1624,A07_S046,A08_S046,0.0494,45,true
E1625,A07_S046,A07_S047,0.3889,40,true
E1626,A08_S046,A09_S046,0.0493,45,true
E1627,A08_S046,A08_S047,0.3889,40,true
E1628,A09_S046,A10_S046,0.0494,45,true
E1629,A09_S046,A09_S047,0.3889,40,true
E1630,A10_S046,A11_S046,0.0493,45,true
E1631,A10_S046,A10_S047,0.3889,40,true
E1632,A11_S046,A12_S046,0.0494,45,true
E1633,A11_S046,A11_S047,0.3889,40,true
E1634,A12_S046,A13_S046,0.0494,45,true
E1635,A12_S046,A12_S047,0.3889,40,true
E1636,A13_S046,A14_S046,0.0493,45,true
E1637,A13_S046,A13_S047,0.3889,40,true
E1638,A14_S046,A15_S046,0.0494,45,true
E1639,A14_S046,A14_S047,0.3889,40,true
E1640,A15_S046,A16_S046,0.0493,45,true
E1641,A15_S046,A15_S047,0.3889,40,true
E1642,A16_S046,A17_S046,0.0494,45,true
E1643,A16_S046,A16_S047,0.3889,40,true
E1644,A17_S046,A17_S047,0.3889,40,true
E1645,A00_S047,A01_S047,0.0467,55,true
E1646,A00_S047,A00_S048,0.3889,40,true
E1647,A01_S047,A02_S047,0.0467,45,true
E1648,A01_S047,A01_S048,0.3889,40,true
E1649,A02_S047,A03_S047,0.0467,45,true
E1650,A02_S047,A02_S048,0.3889,40,true
E1651,A03_S047,A04_S047,0.0467,45,true
E1652,A03_S047,A03_S048,0.3889,40,true
E1653,A04_S047,A05_S047,0.0466,45,true
E1654,A04_S047,A04_S048,0.3889,40,true
E1655,A05_S047,A06_S047,0.0467,45,true
E1656,A05_S047,A05_S048,0.3889,40,true
E1657,A06_S047,A07_S047,0.0467,45,true
E1658,A06_S047,A06_S048,0.3889,40,true
E1659,A07_S047,A08_S047,0.0467,45,true
E1660,A07_S047,A07_S048,0.3889,40,true
E1661,A08_S047,A09_S047,0.0467,45,true
E1662,A08_S047,A08_S048,0.3889,40,true
E1663,A09_S047,A10_S047,0.0467,45,true
E1664,A09_S047,A09_S048,0.3889,40,true
E1665,A10_S047,A11_S047,0.0467,45,true
E1666,A10_S047,A10_S048,0.3889,40,true
E1667,A11_S047,A12_S047,0.0467,45,true
E1668,A11_S047,A11_S048,0.3889,40,true
E1669,A12_S047,A13_S047,0.0467,45,true
E1670,A12_S047,A12_S048,0.3889,40,true
E1671,A13_S047,A14_S047,0.0467,45,true
E1672,A13_S047,A13_S048,0.3889,40,true
E1673,A14_S047,A15_S047,0.0467,45,true
E1674,A14_S047,A14_S048,0.3889,40,true
E1675,A15_S047,A16_S047,0.0466,45,true
E1676,A15_S047,A15_S048,0.3889,40,true
E1677,A16_S047,A17_S047,0.0467,45,true
E1678,A16_S047,A16_S048,0.3889,40,true
E1679,A17_S047,A17_S048,0.3889,40,true
E1680,A00_S048,A01_S048,0.044,55,true
E1681,A00_S048,A00_S049,0.3889,40,true
E1682,A01_S048,A02_S048,0.0441,45,true
E1683,A01_S048,A01_S049,0.3889,40,true
E1684,A02_S048,A03_S048,0.0441,45,true
E1685,A02_S048,A02_S049,0.3889,40,true
E1686,A03_S048,A04_S048,0.044,45,true
E1687,A03_S048,A03_S049,0.3889,40,true
E1688,A04_S048,A05_S048,0.0441,45,true
E1689,A04_S048,A04_S049,0.3889,40,true
E1690,A05_S048,A06_S048,0.0441,45,true
E1691,A05_S048,A05_S049,0.3889,40,true
E1692,A06_S048,A07_S048,0.044,45,true
E1693,A06_S048,A06_S049,0.3889,40,true
E1694,A07_S048,A08_S048,0.0441,45,true
E1695,A07_S048,A07_S049,0.3889,40,true
E1696,A08_S048,A09_S048,0.0441,45,true
E1697,A08_S048,A08_S049,0.3889,40,true
E1698,A09_S048,A10_S048,0.044,45,true
E1699,A09_S048,A09_S049,0.3889,40,true
E1700,A10_S048,A11_S048,0.0441,45,true
E1701,A10_S048,A10_S049,0.3889,40,true
E1702,A11_S048,A12_S048,0.0441,45,true
E1703,A11_S048,A11_S049,0.3889,40,true
E1704,A12_S048,A13_S048,0.044,45,true
E1705,A12_S048,A12_S049,0.3889,40,true
E1706,A13_S048,A14_S048,0.0441,45,true
E1707,A13_S048,A13_S049,0.3889,40,true
E1708,A14_S048,A15_S048,0.0441,45,true
E1709,A14_S048,A14_S049,0.3889,40,true
E1710,A15_S048,A16_S048,0.044,45,true
E1711,A15_S048,A15_S049,0.3889,40,true
E1712,A16_S048,A17_S048,0.0441,45,true
E1713,A16_S048,A16_S049,0.3889,40,true
E1714,A17_S048,A17_S049,0.3889,40,true
E1715,A00_S049,A01_S049,0.0414,55,true
E1716,A00_S049,A00_S050,0.3888,40,true
E1717,A01_S049,A02_S049,0.0414,45,true
E1718,A01_S049,A01_S050,0.3888,40,true
E1719,A02_S049,A03_S049,0.0415,45,true
E1720,A02_S049,A02_S050,0.3888,40,true
E1721,A03_S049,A04_S049,0.0414,45,true
E1722,A03_S049,A03_S050,0.3888,40,true
E1723,A04_S049,A05_S049,0.0415,45,true
E1724,A04_S049,A04_S050,0.3888,40,true
E1725,A05_S049,A06_S049,0.0414,45,true
E1726,A05_S049,A05_S050,0.3888,40,true
E1727,A06_S049,A07_S049,0.0414,45,true
E1728,A06_S049,A06_S050,0.3888,40,true
E1729,A07_S049,A08_S049,0.0415,45,true
E1730,A07_S049,A07_S050,0.3888,40,true
E1731,A08_S049,A09_S049,0.0414,45,true
E1732,A08_S049,A08_S050,0.3888,40,true
E1733,A09_S049,A10_S049,0.0415,45,true
E1734,A09_S049,A09_S050,0.3888,40,true
E1735,A10_S049,A11_S049,0.0414,45,true
E1736,A10_S049,A10_S050,0.3888,40,true
E1737,A11_S049,A12_S049,0.0414,45,true
E1738,A11_S049,A11_S050,0.3888,40,true
E1739,A12_S049,A13_S049,0.0415,45,true
E1740,A12_S049,A12_S050,0.3888,40,true
E1741,A13_S049,A14_S049,0.0414,45,true
E1742,A13_S049,A13_S050,0.3888,40,true
E1743,A14_S049,A15_S049,0.0414,45,true
E1744,A14_S049,A14_S050,0.3888,40,true
E1745,A15_S049,A16_S049,0.0415,45,true
E1746,A15_S049,A15_S050,0.3888,40,true
E1747,A16_S049,A17_S049,0.0414,45,true
E1748,A16_S049,A16_S050,0.3888,40,true
E1749,A17_S049,A17_S050,0.3888,40,true
E1750,A00_S050,A01_S050,0.0388,55,true
E1751,A00_S050,A00_S051,0.3889,40,true
E1752,A01_S050,A02_S050,0.0388,45,true
E1753,A01_S050,A01_S051,0.3889,40,true
E1754,A02_S050,A03_S050,0.0388,45,true
E1755,A02_S050,A02_S051,0.3889,40,true
E1756,A03_S050,A04_S050,0.0388,45,true
E1757,A03_S050,A03_S051,0.3889,40,true
E1758,A04_S050,A05_S050,0.0388,45,true
E1759,A04_S050,A04_S051,0.3889,40,true
E1760,A05_S050,A06_S050,0.0388,45,true
E1761,A05_S050,A05_S051,0.3889,40,true
E1762,A06_S050,A07_S050,0.0388,45,true
E1763,A06_S050,A06_S051,0.3889,40,true
E1764,A07_S050,A08_S050,0.0389,45,true
E1765,A07_S050,A07_S051,0.3889,40,true
E1766,A08_S050,A09_S050,0.0388,45,true
E1767,A08_S050,A08_S051,0.3889,40,true
E1768,A09_S050,A10_S050,0.0388,45,true
E1769,A09_S050,A09_S051,0.3889,40,true
E1770,A10_S050,A11_S050,0.0388,45,true
E1771,A10_S050,A10_S051,0.3889,40,true
E1772,A11_S050,A12_S050,0.0388,45,true
E1773,A11_S050,A11_S051,0.3889,40,true
E1774,A12_S050,A13_S050,0.0388,45,true
E1775,A12_S050,A12_S051,0.3889,40,true
E1776,A13_S050,A14_S050,0.0388,45,true
E1777,A13_S050,A13_S051,0.3889,40,true
E1778,A14_S050,A15_S050,0.0388,45,true
E1779,A14_S050,A14_S051,0.3889,40,true
E1780,A15_S050,A16_S050,0.0389,45,true
E1781,A15_S050,A15_S051,0.3889,40,true
E1782,A16_S050,A17_S050,0.0388,45,true
E1783,A16_S050,A16_S051,0.3889,40,true
E1784,A17_S050,A17_S051,0.3889,40,true
E1785,A00_S051,A01_S051,0.0354,55,true
E1786,A00_S051,A00_S052,0.3889,40,true
E1787,A01_S051,A02_S051,0.0355,45,true
E1788,A01_S051,A01_S052,0.3889,40,true
E1789,A02_S051,A03_S051,0.0354,45,true
E1790,A02_S051,A02_S052,0.3889,40,true
E1791,A03_S051,A04_S051,0.0354,45,true
E1792,A03_S051,A03_S052,0.3889,40,true
E1793,A04_S051,A05_S051,0.0355,45,true
E1794,A04_S051,A04_S052,0.3889,40,true
E1795,A05_S051,A06_S051,0.0354,45,true
E1796,A05_S051,A05_S052,0.3889,40,true
E1797,A06_S051,A07_S051,0.0355,45,true
E1798,A06_S051,A06_S052,0.3889,40,true
E1799,A07_S051,A08_S051,0.0354,45,true
E1800,A07_S051,A07_S052,0.3889,40,true
E1801,A08_S051,A09_S051,0.0355,45,true
E1802,A08_S051,A08_S052,0.3889,40,true
E1803,A09_S051,A10_S051,0.0354,45,true
E1804,A09_S051,A09_S052,0.3889,40,true
E1805,A10_S051,A11_S051,0.0354,45,true
E1806,A10_S051,A10_S052,0.3889,40,true
E1807,A11_S051,A12_S051,0.0355,45,true
E1808,A11_S051,A11_S052,0.3889,40,true
E1809,A12_S051,A13_S051,0.0354,45,true
E1810,A12_S051,A12_S052,0.3889,40,true
E1811,A13_S051,A14_S051,0.0355,45,true
E1812,A13_S051,A13_S052,0.3889,40,true
E1813,A14_S051,A15_S051,0.0354,45,true
E1814,A14_S051,A14_S052,0.3889,40,true
E1815,A15_S051,A16_S051,0.0355,45,true
E1816,A15_S051,A15_S052,0.3889,40,true
E1817,A16_S051,A17_S051,0.0354,45,true
E1818,A16_S051,A16_S052,0.3889,40,true
E1819,A17_S051,A17_S052,0.3889,40,true
E1820,A00_S052,A01_S052,0.0319,55,true
E1821,A00_S052,A00_S053,0.3889,40,true
E1822,A01_S052,A02_S052,0.0319,45,true
E1823,A01_S052,A01_S053,0.3889,40,true
E1824,A02_S052,A03_S052,0.0318,45,true
E1825,A02_S052,A02_S053,0.3889,40,true
E1826,A03_S052,A04_S052,0.0319,45,true
E1827,A03_S052,A03_S053,0.3889,40,true
E1828,A04_S052,A05_S052,0.0319,45,true
E1829,A04_S052,A04_S053,0.3889,40,true
E1830,A05_S052,A06_S052,0.0318,45,true
E1831,A05_S052,A05_S053,0.3889,40,true
E1832,A06_S052,A07_S052,0.0319,45,true
E1833,A06_S052,A06_S053,0.3889,40,true
E1834,A07_S052,A08_S052,0.0319,45,true
E1835,A07_S052,A07_S053,0.3889,40,true
E1836,A08_S052,A09_S052,0.0318,45,true
E1837,A08_S052,A08_S053,0.3889,40,true
E1838,A09_S052,A10_S052,0.0319,45,true
E1839,A09_S052,A09_S053,0.3889,40,true
E1840,A10_S052,A11_S052,0.0319,45,true
E1841,A10_S052,A10_S053,0.3889,40,true
E1842,A11_S052,A12_S052,0.0318,45,true
E1843,A11_S052,A11_S053,0.3889,40,true
E1844,A12_S052,A13_S052,0.0319,45,true
E1845,A12_S052,A12_S053,0.3889,40,true
E1846,A13_S052,A14_S052,0.0318,45,true
E1847,A13_S052,A13_S053,0.3889,40,true
E1848,A14_S052,A15_S052,0.0319,45,true
E1849,A14_S052,A14_S053,0.3889,40,true
E1850,A15_S052,A16_S052,0.0319,45,true
E1851,A15_S052,A15_S053,0.3889,40,true
E1852,A16_S052,A17_S052,0.0318,45,true
E1853,A16_S052,A16_S053,0.3889,40,true
E1854,A17_S052,A17_S053,0.3889,40,true
E1855,A00_S053,A01_S053,0.0283,55,true
E1856,A00_S053,A00_S054,0.3889,40,true
E1857,A01_S053,A02_S053,0.0283,45,true
E1858,A01_S053,A01_S054,0.3889,40,true
E1859,A02_S053,A03_S053,0.0283,45,true
E1860,A02_S053,A02_S054,0.3889,40,true
E1861,A03_S053,A04_S053,0.0283,45,true
E1862,A03_S053,A03_S054,0.3889,40,true
E1863,A04_S053,A05_S053,0.0282,45,true
E1864,A04_S053,A04_S054,0.3889,40,true
E1865,A05_S053,A06_S053,0.0283,45,true
E1866,A05_S053,A05_S054,0.3889,40,true
E1867,A06_S053,A07_S053,0.0283,45,true
E1868,A06_S053,A06_S054,0.3889,40,true
E1869,A07_S053,A08_S053,0.0283,45,true
E1870,A07_S053,A07_S054,0.3889,40,true
E1871,A08_S053,A09_S053,0.0283,45,true
E1872,A08_S053,A08_S054,0.3889,40,true
E1873,A09_S053,A10_S053,0.0283,45,true
E1874,A09_S053,A09_S054,0.3889,40,true
E1875,A10_S053,A11_S053,0.0283,45,true
E1876,A10_S053,A10_S054,0.3889,40,true
E1877,A11_S053,A12_S053,0.0282,45,true
E1878,A11_S053,A11_S054,0.3889,40,true
E1879,A12_S053,A13_S053,0.0283,45,true
E1880,A12_S053,A12_S054,0.3889,40,true
E1881,A13_S053,A14_S053,0.0283,45,true
E1882,A13_S053,A13_S054,0.3889,40,true
E1883,A14_S053,A15_S053,0.0283,45,true
E1884,A14_S053,A14_S054,0.3889,40,true
E1885,A15_S053,A16_S053,0.0283,45,true
E1886,A15_S053,A15_S054,0.3889,40,true
E1887,A16_S053,A17_S053,0.0283,45,true
E1888,A16_S053,A16_S054,0.3889,40,true
E1889,A17_S053,A17_S054,0.3889,40,true
E1890,A00_S054,A01_S054,0.0247,55,true
E1891,A01_S054,A02_S054,0.0247,45,true
E1892,A02_S054,A03_S054,0.0247,45,true
E1893,A03_S054,A04_S054,0.0247,45,true
E1894,A04_S054,A05_S054,0.0247,45,true
E1895,A05_S054,A06_S054,0.0247,45,true
E1896,A06_S054,A07_S054,0.0247,45,true
E1897,A07_S054,A08_S054,0.0247,45,true
E1898,A08_S054,A09_S054,0.0248,45,true
E1899,A09_S054,A10_S054,0.0247,45,true
E1900,A10_S054,A11_S054,0.0247,45,true
E1901,A11_S054,A12_S054,0.0247,45,true
E1902,A12_S054,A13_S054,0.0247,45,true
E1903,A13_S054,A14_S054,0.0247,45,true
E1904,A14_S054,A15_S054,0.0247,45,true
E1905,A15_S054,A16_S054,0.0247,45,true
E1906,A16_S054,A17_S054,0.0247,45,true
